x,y,z,x_quat,y_quat,z_quat,w_quat,speed
89669.8263482649,43133.249359249,0.0,0.0,0.0,0.890874,0.454251,11.0
89669.57763303567,43132.8156123882,0.0,0.0,0.0,-0.8614841252486882,0.5077845034505312,11.0
89669.33547946533,43132.37816649791,0.0,0.0,0.0,-0.8584632148952422,0.5128751394557208,11.0
89669.09852115664,43131.937883511055,0.0,0.0,0.0,-0.8561317814371225,0.5167575570935553,11.0
89668.86555996108,43131.49547176281,0.0,0.0,0.0,-0.8544229404273906,0.5195781354824427,11.0
89668.63552160893,43131.05153268781,0.0,0.0,0.0,-0.8532871501229731,0.5214413096744588,11.0
89668.40742272472,43130.60659366766,0.0,0.0,0.0,-0.8526879975474384,0.5224205000175047,11.0
89668.1803459151,43130.16113200026,0.0,0.0,0.0,-0.8525990569467974,0.5225656399854776,11.0
89667.95342076552,43129.715593033,0.0,0.0,0.0,-0.8530014515858234,0.5219085394898978,11.0
89667.72580933229,43129.27040437566,0.0,0.0,0.0,-0.8538818652457425,0.520466867537648,11.0
89667.49669522565,43128.8259874143,0.0,0.0,0.0,-0.8552308188332506,0.5182472831745554,11.0
89667.26527574699,43128.3827668923,0.0,0.0,0.0,-0.8570410828332439,0.5152480784399112,11.0
89667.03075680262,43127.94117901241,0.0,0.0,0.0,-0.8593061303091842,0.5114616060009346,11.0
89666.79235051232,43127.50167827445,0.0,0.0,0.0,-0.862018569522341,0.5068766968392381,11.0
89666.54927556671,43127.06474307014,0.0,0.0,0.0,-0.8651685287701001,0.5014812228047831,11.0
89666.30076046663,43126.630879887634,0.0,0.0,0.0,-0.8687420019284507,0.4952649130367985,11.0
89666.0460497883,43126.200625813,0.0,0.0,0.0,-0.872719217236493,0.488222457355377,11.0
89665.78441354111,43125.77454890178,0.0,0.0,0.0,-0.8770731398179079,0.48035685423438756,11.0
89665.51515951831,43125.35324592366,0.0,0.0,0.0,-0.8817682511067766,0.4716828927787149,11.0
89665.23764831413,43124.93733698571,0.0,0.0,0.0,-0.8867598672134276,0.46223039482451195,11.0
89664.95131013742,43124.5274566154,0.0,0.0,0.0,-0.891994150265174,0.4520469399218515,11.0
89664.65566233666,43124.124241249614,0.0,0.0,0.0,-0.8974090415112176,0.4411995152013631,11.0
89664.35032599545,43123.72831343413,0.0,0.0,0.0,-0.9029362471367959,0.4297745148406534,11.0
89664.03503961196,43123.340263656435,0.0,0.0,0.0,-0.9085041259110185,0.4178758825329074,11.0
89663.70966809343,43122.9606312935,0.0,0.0,0.0,-0.914041341024257,0.4056210385305204,11.0
89663.37420535891,43122.589886663656,0.0,0.0,0.0,-0.9194808331057902,0.39313483380525066,11.0
89663.02876963592,43122.22841642934,0.0,0.0,0.0,-0.9247635269015606,0.3805422700733606,11.0
89662.67359159302,43121.87651426735,0.0,0.0,0.0,-0.9298414241351644,0.36796049511094164,11.0
89662.30899613452,43121.534378379765,0.0,0.0,0.0,-0.93467957914099,0.3554913280754142,11.0
89661.93537975437,43121.20211637491,0.0,0.0,0.0,-0.9392568494315816,0.3432150503632659,11.0
89661.55318566035,43120.879757161725,0.0,0.0,0.0,-0.9435654891473211,0.33118600165190654,11.0
89661.1628788868,43120.567268732724,0.0,0.0,0.0,-0.9476098074640225,0.3194302001971608,11.0
89660.76492329287,43120.26458020003,0.0,0.0,0.0,-0.9514042163630307,0.307944827991391,11.0
89660.35976177508,43119.97160631344,0.0,0.0,0.0,-0.9549710054020282,0.29669913859234487,11.0
89659.94780039026,43119.68827290344,0.0,0.0,0.0,-0.9583381134495074,0.2856362377396102,11.0
89659.52939655511,43119.414542112434,0.0,0.0,0.0,-0.9615370727858491,0.27467518573475236,11.0
89659.10485111727,43119.1504367801,0.0,0.0,0.0,-0.9646012041272289,0.26371294430933795,11.0
89658.67440390581,43118.89606384455,0.0,0.0,0.0,-0.9675640556485998,0.2526258067118899,11.0
89658.23823234961,43118.65163703936,0.0,0.0,0.0,-0.9704580105195268,0.24127007650863366,11.0
89657.79645287573,43118.41749947723,0.0,0.0,0.0,-0.9733129342465658,0.22948187734185088,11.0
89657.34912503707,43118.19414690538,0.0,0.0,0.0,-0.9761546855792043,0.21707609223902302,11.0
89656.89625866052,43117.982252485424,0.0,0.0,0.0,-0.9790032666218627,0.2038445582882263,11.0
89656.43782475535,43117.78269386963,0.0,0.0,0.0,-0.9818703304992236,0.18955382899151785,11.0
89655.97377149502,43117.59658304011,0.0,0.0,0.0,-0.9847557024212661,0.1739431129674266,11.0
89655.50404729399,43117.42529871207,0.0,0.0,0.0,-0.9876425230470182,0.15672347197953543,11.0
89655.02863383069,43117.270519854814,0.0,0.0,0.0,-0.9904906268034839,0.13758022464889944,11.0
89654.54759268598,43117.13425658202,0.0,0.0,0.0,-0.993227960628903,0.11618183259421616,11.0
89654.06112959105,43117.01887071364,0.0,0.0,0.0,-0.9957405172315428,0.09219990424864741,11.0
89653.56967952181,43116.92707270626,0.0,0.0,0.0,-0.9978625730851727,0.06534741950405158,11.0
89653.07401169762,43116.86187310311,0.0,0.0,0.0,-0.9993717313626057,0.035442101423416625,11.0
89652.5753445236,43116.82645871476,0.0,0.0,0.0,-0.9999968770845717,0.002499164081047866,11.0
89652.0754429482,43116.823960019225,0.0,0.0,0.0,0.9994502427959968,0.033154368867811985,11.0
89651.57664802352,43116.85708912999,0.0,0.0,0.0,0.9974924758825833,0.07077259750520663,11.0
89651.08177097754,43116.92766797735,0.0,0.0,0.0,0.9940260705411629,0.10914289296374323,11.0
89650.5937968092,43117.03613359419,0.0,0.0,0.0,0.9891884625782039,0.14664987385664302,11.0
89650.1154055399,43117.181166868955,0.0,0.0,0.0,0.9833983411558264,0.18145992012554463,11.0
89649.64841547322,43117.359582836725,0.0,0.0,0.0,0.9773210819198992,0.21176284573767346,11.0
89649.19331586348,43117.56651726344,0.0,0.0,0.0,0.9717605711337801,0.23596904964369697,11.0
89648.7490291266,43117.79580623394,0.0,0.0,0.0,0.9675187508985529,0.2527992615885258,11.0
89648.3129486857,43118.04038747754,0.0,0.0,0.0,0.9652596627331741,0.26129252476915427,11.0
89647.88122376525,43118.29260185472,0.0,0.0,0.0,0.9653853140515541,0.26082790382469084,11.0
89647.44925688556,43118.54440016052,0.0,0.0,0.0,0.9679182929126883,0.25126515525433973,11.0
89647.01240542659,43118.78759630487,0.0,0.0,0.0,0.9724203978027027,0.23323501010189993,11.0
89646.56683903115,43119.014380954235,0.0,0.0,0.0,0.9780368220213089,0.20843218266491018,11.0
89646.1103384858,43119.218210531755,0.0,0.0,0.0,0.9837431487760029,0.1795812274049686,11.0
89645.6426539858,43119.39484737548,0.0,0.0,0.0,0.9887102624797475,0.14983997085967715,11.0
89645.16517012037,43119.54297580135,0.0,0.0,0.0,0.9922282966467306,0.12443073307478136,11.0
89644.68060388457,43119.66645204372,0.0,0.0,0.0,0.9917343670541668,0.12830800911740067,11.0
89644.19618823181,43119.7939307175,0.0,0.0,0.0,0.9902741855493518,0.1391295706690997,11.0
89643.7136719298,43119.932244132986,0.0,0.0,0.0,0.9887218474689152,0.1497635080306786,11.0
89643.23324617694,43120.08120375655,0.0,0.0,0.0,0.9870820356529815,0.160215651205387,11.0
89642.7551021716,43120.24062105455,0.0,0.0,0.0,0.9853590275408346,0.17049218997883983,11.0
89642.27943111221,43120.41030749335,0.0,0.0,0.0,0.9835566979562482,0.1805996176778939,11.0
89641.80642419713,43120.59007453931,0.0,0.0,0.0,0.9816785241347792,0.19054468046251424,11.0
89641.33627262476,43120.7797336588,0.0,0.0,0.0,0.9797275924944402,0.20033433181820895,11.0
89640.86916759353,43120.97909631816,0.0,0.0,0.0,0.9777066066358021,0.2099756922615206,11.0
89640.40530030176,43121.187973983775,0.0,0.0,0.0,0.9756178961996459,0.2194760137577156,11.0
89639.9448619479,43121.40617812199,0.0,0.0,0.0,0.9734634262087773,0.22884264863409579,11.0
89639.48804373034,43121.633520199175,0.0,0.0,0.0,0.971244806593642,0.2380830226305081,11.0
89639.03503684745,43121.869811681696,0.0,0.0,0.0,0.9689633016215409,0.24720461183133882,11.0
89638.58603249764,43122.11486403591,0.0,0.0,0.0,0.9666198390425088,0.2562149230030023,11.0
89638.1412218793,43122.36848872817,0.0,0.0,0.0,0.9642150187318763,0.2651214771607298,11.0
89637.70079619081,43122.63049722485,0.0,0.0,0.0,0.961749120717264,0.2739317958900891,11.0
89637.26494663059,43122.9007009923,0.0,0.0,0.0,0.9592221124485797,0.28265339019669367,11.0
89636.83386439702,43123.1789114969,0.0,0.0,0.0,0.9566336552107078,0.29129375159484755,11.0
89636.40774068849,43123.464940205,0.0,0.0,0.0,0.9539831096094054,0.2998603451274763,11.0
89635.98676670338,43123.75859858295,0.0,0.0,0.0,0.9512695400705432,0.30836060405631777,11.0
89635.57113364013,43124.05969809713,0.0,0.0,0.0,0.9484917183687508,0.3168019257925911,11.0
89635.16103269708,43124.3680502139,0.0,0.0,0.0,0.9456481260144506,0.3251916692742263,11.0
89634.75665507266,43124.68346639961,0.0,0.0,0.0,0.9427369556544541,0.3335371530180284,11.0
89634.35819196525,43125.00575812064,0.0,0.0,0.0,0.9397561113901646,0.34184565392123467,11.0
89633.96583457323,43125.33473684334,0.0,0.0,0.0,0.9367032079946231,0.35012440665080996,11.0
89633.57977409502,43125.67021403406,0.0,0.0,0.0,0.93357556913769,0.3583806031431362,11.0
89633.200201729,43126.012001159186,0.0,0.0,0.0,0.9303702245820784,0.3666213921896715,11.0
89632.82730867357,43126.35990968507,0.0,0.0,0.0,0.92708390634534,0.3748538789921546,11.0
89632.46128612712,43126.71375107806,0.0,0.0,0.0,0.9237130439984536,0.38308512415272805,11.0
89632.10232528803,43127.07333680453,0.0,0.0,0.0,0.920253759041827,0.3913221421915541,11.0
89631.7506173547,43127.43847833084,0.0,0.0,0.0,0.9167018584903249,0.3995718992126251,11.0
89631.40635352553,43127.80898712336,0.0,0.0,0.0,0.9130528277466272,0.40784130951129494,11.0
89631.06972499892,43128.184674648444,0.0,0.0,0.0,0.9093018228796307,0.4161372308599422,11.0
89630.74092297326,43128.565352372454,0.0,0.0,0.0,0.9054436624159156,0.42446645826361057,11.0
89630.4201386469,43128.95083176175,0.0,0.0,0.0,0.9000833045726546,0.4357178500240378,11.0
89630.10991728262,43129.34310442037,0.0,0.0,0.0,0.8930220737854762,0.45001286174051464,11.0
89629.81243287682,43129.744970410924,0.0,0.0,0.0,0.8901425860462024,0.45568210027054945,11.0
89629.52007983596,43130.15059136822,0.0,0.0,0.0,0.888556496543178,0.45876720943296867,11.0
89629.23054748142,43130.558231540024,0.0,0.0,0.0,0.887468532303436,0.4608683154342303,11.0
89628.94294723503,43130.967237454985,0.0,0.0,0.0,0.8866205249624449,0.46249761590230787,11.0
89628.65685137334,43131.37729719985,0.0,0.0,0.0,0.8859010917817489,0.46387418076446696,11.0
89628.37203069619,43131.78824374597,0.0,0.0,0.0,0.8852539609100329,0.46510797100576323,11.0
89628.08835617437,43132.199982341925,0.0,0.0,0.0,0.8846475533590102,0.466260341800498,11.0
89627.80575492619,43132.61245834614,0.0,0.0,0.0,0.8840627825899093,0.46736815941973053,11.0
89627.52418796303,43133.02564108236,0.0,0.0,0.0,0.8834874904620853,0.46845475149368127,11.0
89627.24363785448,43133.4395149402,0.0,0.0,0.0,0.882913491557264,0.46953569238787507,11.0
89626.964101656,43133.85407428572,0.0,0.0,0.0,0.8823351403740889,0.4706216102784027,11.0
89626.68558638962,43134.269320220264,0.0,0.0,0.0,0.8817483530283159,0.4717200885396469,11.0
89626.40810626402,43134.68525858276,0.0,0.0,0.0,0.8811501069683461,0.47283664091277056,11.0
89626.13168078478,43135.101898591594,0.0,0.0,0.0,0.8805380981335319,0.47397537671843515,11.0
89625.85633347355,43135.51925192132,0.0,0.0,0.0,0.8799104991646856,0.47513946737747853,11.0
89625.58209101748,43135.937332080786,0.0,0.0,0.0,0.8792658264660104,0.47633140397106266,11.0
89625.30898265407,43136.35615396009,0.0,0.0,0.0,0.8786028353669849,0.47755319880102864,11.0
89625.03703974164,43136.77573350848,0.0,0.0,0.0,0.8779204429123048,0.4788065328675693,11.0
89624.76629546698,43137.19608750621,0.0,0.0,0.0,0.8772176748097202,0.48009285664486606,11.0
89624.49678464695,43137.617233400335,0.0,0.0,0.0,0.8764936293453335,0.48141345818022696,11.0
89624.22854359342,43138.03918918429,0.0,0.0,0.0,0.875747447516257,0.4827695186823218,11.0
89623.96161003018,43138.461973312726,0.0,0.0,0.0,0.8749782890274389,0.4841621564420496,11.0
89623.69602305237,43138.885604642586,0.0,0.0,0.0,0.8741853132314283,0.4855924609489623,11.0
89623.43182311874,43139.3101023948,0.0,0.0,0.0,0.8733676647341143,0.4870615178772387,11.0
89623.16905206886,43139.73548613004,0.0,0.0,0.0,0.872524458949177,0.4885704335461223,11.0
89622.90775316504,43140.161775738125,0.0,0.0,0.0,0.8716547718767951,0.4901203512040816,11.0
89622.64797115124,43140.58899143577,0.0,0.0,0.0,0.8707576294466906,0.4917124675665444,11.0
89622.38975232956,43141.01715377269,0.0,0.0,0.0,0.8698319967449674,0.49334804898637546,11.0
89622.13314465471,43141.44628364489,0.0,0.0,0.0,0.868876768998459,0.4950284439249915,11.0
89621.87819784298,43141.87640231262,0.0,0.0,0.0,0.8678907605395785,0.4967550983835314,11.0
89621.6249634991,43142.30753142449,0.0,0.0,0.0,0.8668726957203703,0.4985295672420024,11.0
89621.37349525734,43142.739693044794,0.0,0.0,0.0,0.8658211969068049,0.5003535300034044,11.0
89621.12384894176,43143.17290968595,0.0,0.0,0.0,0.8647347737866433,0.5022288034393912,11.0
89620.87608274292,43143.60720434382,0.0,0.0,0.0,0.8636118102466819,0.5041573575803978,11.0
89620.63025741515,43144.0426005371,0.0,0.0,0.0,0.8624505500887404,0.5061413326844875,11.0
89620.38643649593,43144.47912235037,0.0,0.0,0.0,0.8612490822416916,0.5081830559334342,11.0
89620.14468654786,43144.91679448008,0.0,0.0,0.0,0.8600053231025252,0.5102850617403191,11.0
89619.90507742755,43145.35564228454,0.0,0.0,0.0,0.8587169977059756,0.5124501125483684,11.0
89619.66768258315,43145.79569183669,0.0,0.0,0.0,0.8573816165235377,0.5146812252719982,11.0
89619.43257938733,43146.23696998154,0.0,0.0,0.0,0.8559964517299388,0.5169816966061319,11.0
89619.19984950582,43146.67950439603,0.0,0.0,0.0,0.8545585073414375,0.5193551362318221,11.0
89618.96957931116,43147.12332365388,0.0,0.0,0.0,0.8530644874390537,0.5218055004217036,11.0
89618.74186034386,43147.568457293164,0.0,0.0,0.0,0.8515107576089331,0.5243371336041924,11.0
89618.51678983128,43148.01493588849,0.0,0.0,0.0,0.8498933015424098,0.5269548139957945,11.0
89618.29447127106,43148.46279112662,0.0,0.0,0.0,0.8482076704126192,0.5296638064406491,11.0
89618.0750150894,43148.91205588568,0.0,0.0,0.0,0.8464489212471049,0.5324699275260646,11.0
89617.85853939125,43149.362764318765,0.0,0.0,0.0,0.8446115481875444,0.5353796154769431,11.0
89617.64517081124,43149.814951939596,0.0,0.0,0.0,0.8426894015300334,0.5384000116539321,11.0
89617.4350454822,43150.26865571072,0.0,0.0,0.0,0.8406755910753477,0.5415390572896056,11.0
89617.22831014442,43150.72391413193,0.0,0.0,0.0,0.8385623696180379,0.5448056096082173,11.0
89617.02512342395,43151.18076732873,0.0,0.0,0.0,0.8363409962456734,0.5482095748879205,11.0
89616.82565730716,43151.63925713699,0.0,0.0,0.0,0.8340015705329278,0.5517620686025906,11.0
89616.63009885242,43152.09942718071,0.0,0.0,0.0,0.8315328282549165,0.5554756120068455,11.0
89616.4386521941,43152.56132293826,0.0,0.0,0.0,0.8289218791433582,0.559364387745094,11.0
89616.2515409249,43153.02499179104,0.0,0.0,0.0,0.8261539319487498,0.5634444788314289,11.0
89616.06901085128,43153.4904830362,0.0,0.0,0.0,0.8232119251628558,0.5677342038926884,11.0
89615.89133326261,43153.95784785334,0.0,0.0,0.0,0.8200760676020364,0.5722545267154993,11.0
89615.7188088334,43154.4271392046,0.0,0.0,0.0,0.8167232252907797,0.5770296121262983,11.0
89615.55177238003,43154.8984116371,0.0,0.0,0.0,0.8131261381276053,0.5820875221937735,11.0
89615.39059869885,43155.37172093766,0.0,0.0,0.0,0.8092526214070903,0.5874608027313418,11.0
89615.23570940382,43155.84712356624,0.0,0.0,0.0,0.8050643263566467,0.5931875170870663,11.0
89615.08758141934,43156.324675788775,0.0,0.0,0.0,0.8005148876627664,0.5993128687340766,11.0
89614.94675801684,43156.80443233617,0.0,0.0,0.0,0.7955481364780739,0.6058903882273294,11.0
89614.81386198268,43157.28644439191,0.0,0.0,0.0,0.7900953126500322,0.6129840103366873,11.0
89614.68961230249,43157.770756587895,0.0,0.0,0.0,0.7840705984151568,0.6206716496674372,11.0
89614.5748466881,43158.25740236231,0.0,0.0,0.0,0.7773669575986834,0.6290473855233538,11.0
89614.47054854757,43158.7463971717,0.0,0.0,0.0,0.7698472335925394,0.6382282012963029,11.0
89614.37788523207,43159.23772771141,0.0,0.0,0.0,0.7613352145931229,0.648358458740567,11.0
89614.29825554231,43159.73133580052,0.0,0.0,0.0,0.7515984567384678,0.6596209213088633,11.0
89614.23335707067,43160.227092357265,0.0,0.0,0.0,0.7403268085462212,0.6722471394864887,11.0
89614.18527508159,43160.72475636427,0.0,0.0,0.0,0.7270973497883267,0.6865343719951621,11.0
89614.15660601949,43161.22390767548,0.0,0.0,0.0,0.7113211111102385,0.7028671829648158,11.0
89614.15062874345,43161.72383454921,0.0,0.0,0.0,0.692160958799082,0.7217431725443169,11.0
89614.17153963362,43162.223341649864,0.0,0.0,0.0,0.6684038096966499,0.7437985931574519,11.0
89614.22476694963,43162.720415123804,0.0,0.0,0.0,0.6382686824824987,0.7698136715868686,11.0
89614.3173550476,43163.21163049497,0.0,0.0,0.0,0.5991551215466765,0.8006329623019448,11.0
89614.45830582778,43163.691121695905,0.0,0.0,0.0,0.5474479693674673,0.8368397223097362,11.0
89614.65845935239,43164.14891123654,0.0,0.0,0.0,0.4788946707091761,0.8778723679250588,11.0
89614.928799207,43164.56882252636,0.0,0.0,0.0,0.3907981622766005,0.9204763964172203,11.0
89615.27548635958,43164.92793223848,0.0,0.0,0.0,0.2866711085466975,0.958029057766312,11.0
89615.69248632732,43165.20203268405,0.0,0.0,0.0,0.17860776423089925,0.983920355799411,11.0
89616.15977591854,43165.37746452723,0.0,0.0,0.0,0.0805637431205169,0.9967494586376314,11.0
89616.65268216367,43165.457668238094,0.0,0.0,0.0,-0.00042296205519491416,0.9999999105515459,11.0
89617.15229849181,43165.45724560048,0.0,0.0,0.0,-0.06454768955335458,0.9979146234890657,11.0
89617.64790114948,43165.39286251803,0.0,0.0,0.0,-0.11499608299322164,0.9933659451059393,11.0
89618.1345373049,43165.27866211986,0.0,0.0,0.0,-0.15513618216543582,0.9878930939039572,11.0
89618.61038338432,43165.12543207102,0.0,0.0,0.0,-0.18764428476487716,0.9822370500012091,11.0
89619.07511702183,43164.94114310297,0.0,0.0,0.0,-0.21447065792967795,0.9767304320472517,11.0
89619.52908191938,43164.73168035938,0.0,0.0,0.0,-0.2370022968725092,0.9715090896523588,11.0
89619.97288595539,43164.50144389726,0.0,0.0,0.0,-0.2562284576385947,0.9666162514132208,11.0
89620.4072144861,43164.25377982481,0.0,0.0,0.0,-0.2728640075129111,0.9620526146755145,11.0
89620.8327462053,43163.991278629546,0.0,0.0,0.0,-0.287434298725966,0.9578003570243185,11.0
89621.25011758914,43163.715980643996,0.0,0.0,0.0,-0.30033247644934485,0.9538345787345958,11.0
89621.6599102174,43163.42951857812,0.0,0.0,0.0,-0.3118581375002393,0.9501286765880093,11.0
89622.06264862976,43163.13321769895,0.0,0.0,0.0,-0.32224377179418934,0.9466567231789221,11.0
89622.45880272824,43162.828167202875,0.0,0.0,0.0,-0.331672930365789,0.943394438855016,11.0
89622.84879187912,43162.515271947035,0.0,0.0,0.0,-0.3402929667661435,0.9403194652720406,11.0
89623.23298936487,43162.19529052081,0.0,0.0,0.0,-0.34822438855570936,0.9374112092433088,11.0
89623.61172645337,43161.86886339128,0.0,0.0,0.0,-0.3555677937948021,0.9346504929736554,11.0
89623.98529572944,43161.53653379511,0.0,0.0,0.0,-0.36240861927428136,0.9320193091753566,11.0
89624.35395378193,43161.198763741755,0.0,0.0,0.0,-0.36882117811556836,0.9295003703998423,11.0
89624.71792302455,43160.85594591748,0.0,0.0,0.0,-0.3748720117772145,0.9270765743918373,11.0
89625.07739250416,43160.5084123025,0.0,0.0,0.0,-0.38062204714780823,0.9247306944321745,11.0
89625.43251801691,43160.15644074506,0.0,0.0,0.0,-0.38612906118139395,0.9224447669704541,11.0
89625.78342113171,43159.80025926506,0.0,0.0,0.0,-0.391449728323634,0.9201994947810791,11.0
89626.13018709166,43159.44004861766,0.0,0.0,0.0,-0.39664116762802354,0.9179737382641608,11.0
89626.47286177444,43159.07594361251,0.0,0.0,0.0,-0.4017633019781807,0.9157435499000739,11.0
89626.811446945,43158.70803263219,0.0,0.0,0.0,-0.40688049894290473,0.9134813953113511,11.0
89627.1458941161,43158.33635607593,0.0,0.0,0.0,-0.4120637902016168,0.9111549993303433,11.0
89627.47609642053,43157.96090337644,0.0,0.0,0.0,-0.4173936969259064,0.9087257571822891,11.0
89627.80187771002,43157.58160838457,0.0,0.0,0.0,-0.4229624785984461,0.906147196485129,11.0
89628.12297910683,43157.19834372562,0.0,0.0,0.0,-0.4288779897364993,0.9033624244563082,11.0
89628.43904123992,43156.81091334887,0.0,0.0,0.0,-0.43526762657382634,0.9003011125489006,11.0
89628.74958150326,43156.41904372958,0.0,0.0,0.0,-0.4422825169638722,0.8968757858188068,11.0
89629.05396544076,43156.02237416575,0.0,0.0,0.0,-0.4501036197823,0.8929763330900046,11.0
89629.3513693696,43155.62044607346,0.0,0.0,0.0,-0.458947882981619,0.8884631904061587,11.0
89629.64073258583,43155.21269288051,0.0,0.0,0.0,-0.4690744335425057,0.8831586356916731,11.0
89629.92069697799,43154.798432822034,0.0,0.0,0.0,-0.4807911475333574,0.8768351455396604,11.0
89630.18953036293,43154.37686841945,0.0,0.0,0.0,-0.4944578075538059,0.8692016316995058,11.0
89630.4450311362,43153.94710288978,0.0,0.0,0.0,-0.5104386215509257,0.8599141896894078,11.0
89630.68442799404,43153.50827131388,0.0,0.0,0.0,-0.527225215325256,0.8497255864837997,11.0
89630.90609212525,43153.06101997928,0.0,0.0,0.0,-0.5423614577787155,0.8401452547721415,11.0
89631.11150787336,43152.6063056738,0.0,0.0,0.0,-0.5556300004143392,0.831429673898858,11.0
89631.3024992897,43152.14502404469,0.0,0.0,0.0,-0.5670643976866242,0.8236734601019424,11.0
89631.48089042565,43151.67807073913,0.0,0.0,0.0,-0.5767093369867312,0.8169494113054522,11.0
89631.64850533257,43151.20634140435,0.0,0.0,0.0,-0.5846134551590838,0.8113119671537934,11.0
89631.80716806182,43150.73073168756,0.0,0.0,0.0,-0.5908236029590295,0.8068007623859258,11.0
89631.95870266476,43150.25213723598,0.0,0.0,0.0,-0.5953804706258683,0.803443896732883,11.0
89632.10493319274,43149.77145369682,0.0,0.0,0.0,-0.598315398011309,0.8012606844857477,11.0
89632.24768369713,43149.28957671729,0.0,0.0,0.0,-0.5996481749078812,0.8002637479791567,11.0
89632.3887782293,43148.80740194462,0.0,0.0,0.0,-0.5993856617739285,0.8004603853157443,11.0
89632.53004084059,43148.325825026004,0.0,0.0,0.0,-0.5975211151908033,0.8018531766484054,11.0
89632.67329558235,43147.845741608675,0.0,0.0,0.0,-0.5931105947057734,0.8051209986379462,11.0
89632.82153341573,43147.36815778783,0.0,0.0,0.0,-0.5836543983949545,0.8120021817915416,11.0
89632.98087973821,43146.89423277365,0.0,0.0,0.0,-0.5736701689618129,0.8190864040156722,11.0
89633.15177922894,43146.42435571407,0.0,0.0,0.0,-0.5633958544144789,0.8261870921459493,11.0
89633.33436076964,43145.95889443384,0.0,0.0,0.0,-0.5528327065782952,0.8332922647770808,11.0
89633.52873275199,43145.498232734106,0.0,0.0,0.0,-0.5419661397958122,0.8404003232476925,11.0
89633.73500095904,43145.04277414318,0.0,0.0,0.0,-0.5307789494461527,0.847510298949127,11.0
89633.95326964137,43144.59294387206,0.0,0.0,0.0,-0.5192521023990411,0.8546211173111602,11.0
89634.18364128743,43144.14919086273,0.0,0.0,0.0,-0.5073645404686855,0.8617315261002115,11.0
89634.42621625567,43143.711990116266,0.0,0.0,0.0,-0.49509286864811997,0.8688400608937041,11.0
89634.6810923336,43143.281845367004,0.0,0.0,0.0,-0.4824109666228235,0.8759450092797111,11.0
89634.94836422014,43142.859292176974,0.0,0.0,0.0,-0.4692895066016758,0.883044369776262,11.0
89635.228122912,43142.444901558505,0.0,0.0,0.0,-0.45569536410522204,0.890135795894654,11.0
89635.52045497006,43142.03928423005,0.0,0.0,0.0,-0.44159090215122776,0.8972165151942226,11.0
89635.82544163137,43141.64309562722,0.0,0.0,0.0,-0.4269330454833743,0.904283238081018,11.0
89636.14315769829,43141.25704194243,0.0,0.0,0.0,-0.4116721735404831,0.911332004009765,11.0
89636.47367013083,43140.88188733997,0.0,0.0,0.0,-0.39575071475978163,0.9183579758281201,11.0
89636.81703620707,43140.51846270369,0.0,0.0,0.0,-0.3791013928545972,0.9253551393576979,11.0
89637.17330106594,43140.16767629089,0.0,0.0,0.0,-0.36164501350578077,0.9323158714761879,11.0
89637.54249434745,43139.830526806254,0.0,0.0,0.0,-0.3432877221910364,0.9392302911389143,11.0
89637.92462553353,43139.508119439015,0.0,0.0,0.0,-0.3239174741553714,0.9460853396691042,11.0
89638.31967736034,43139.20168575631,0.0,0.0,0.0,-0.30339961528163845,0.9528634075495573,11.0
89638.72759640594,43138.91260836122,0.0,0.0,0.0,-0.281571288318088,0.9595403116049331,11.0
89639.14827950293,43138.642451523,0.0,0.0,0.0,-0.25823436048169346,0.9660823024290481,11.0
89639.58155394072,43138.39299923932,0.0,0.0,0.0,-0.23314658398767185,0.9724416025525027,11.0
89640.0271484064,43138.16630232577,0.0,0.0,0.0,-0.20601071548107658,0.9785497356327756,11.0
89640.48465004962,43137.96473612265,0.0,0.0,0.0,-0.17646165192020935,0.984307515668549,11.0
89640.95344079594,43137.79106972407,0.0,0.0,0.0,-0.14405228094783634,0.9895700785460955,11.0
89641.43260276022,43137.64854576763,0.0,0.0,0.0,-0.10824029635240767,0.9941247598996531,11.0
89641.92077813375,43137.54096535572,0.0,0.0,0.0,-0.0683823345503937,0.9976591884613893,11.0
89642.41596471157,43137.47276199906,0.0,0.0,0.0,-0.023748070586010764,0.9997179748026149,11.0
89642.91522609895,43137.44902892786,0.0,0.0,0.0,0.02642008723168514,0.9996509285699035,11.0
89643.41430610121,43137.47542805101,0.0,0.0,0.0,0.08276036227573166,0.9965694769738784,11.0
89643.90717872692,43137.557857991975,0.0,0.0,0.0,0.14551005231602734,0.9893567731991261,11.0
89644.38566933325,43137.7017182623,0.0,0.0,0.0,0.21408412273546143,0.9768152273549936,11.0
89644.83945595848,43137.910663295515,0.0,0.0,0.0,0.2866591845931443,0.958032625691001,11.0
89645.25688962088,43138.185033934846,0.0,0.0,0.0,0.36011923614746494,0.9329062845519728,11.0
89645.62684636863,43138.520667202814,0.0,0.0,0.0,0.43069644596689194,0.9024968539731805,11.0
89645.94106390877,43138.90901958211,0.0,0.0,0.0,0.49510708929896574,0.8688319573576389,11.0
89646.19573715123,43139.338854096735,0.0,0.0,0.0,0.5514391603352258,0.8342151116161713,11.0
89646.39153218566,43139.79859163812,0.0,0.0,0.0,0.5992745138232228,0.8005436009874415,11.0
89646.5323366912,43140.278113773864,0.0,0.0,0.0,0.6392316276287636,0.7690142562001576,11.0
89646.62368804915,43140.76952219248,0.0,0.0,0.0,0.6724028784530837,0.7401853612764897,11.0
89646.67155024993,43141.26709845846,0.0,0.0,0.0,0.6999621303972946,0.7141799605209325,11.0
89646.68160138596,43141.76690390105,0.0,0.0,0.0,0.7229708491746833,0.6908785358104833,11.0
89646.65891767897,43142.26631977213,0.0,0.0,0.0,0.7423149905149854,0.6700510837665568,11.0
89646.60789141526,43142.7636572595,0.0,0.0,0.0,0.7587056628365128,0.6514335861619416,11.0
89646.53226304075,43143.25786500135,0.0,0.0,0.0,0.7727036617070692,0.6347669266624462,11.0
89646.43519786923,43143.74832253799,0.0,0.0,0.0,0.7847486518126392,0.6198141281692804,11.0
89646.31937272957,43144.23469855471,0.0,0.0,0.0,0.7951857802401384,0.6063658754447535,11.0
89646.187057008,43144.7168549369,0.0,0.0,0.0,0.8042872003269387,0.5942407756038411,11.0
89646.04018319356,43145.19478189027,0.0,0.0,0.0,0.8122691037526336,0.5832828671312859,11.0
89645.88040559203,43145.66855417748,0.0,0.0,0.0,0.8193044906657235,0.5733586587599243,11.0
89645.70914870828,43146.13830136945,0.0,0.0,0.0,0.8255330596802671,0.5643537608406065,11.0
89645.52764637442,43146.60418764246,0.0,0.0,0.0,0.8310685559666772,0.5561699877586546,11.0
89645.33697352465,43147.066397952694,0.0,0.0,0.0,0.8360043688649033,0.5487227854197371,11.0
89645.13807196869,43147.52512856532,0.0,0.0,0.0,0.8404178056653168,0.5419390297078573,11.0
89644.93177133486,43147.98058056491,0.0,0.0,0.0,0.8443733655333443,0.5357551862351808,11.0
89644.71880615834,43148.4329554173,0.0,0.0,0.0,0.8479252602931033,0.5301157920274333,11.0
89644.49982990262,43148.882451953345,0.0,0.0,0.0,0.8511193681046636,0.5249722099665068,11.0
89644.27542653805,43149.32926434781,0.0,0.0,0.0,0.8539947865387326,0.5202815627760266,11.0
89644.04612011208,43149.77358079277,0.0,0.0,0.0,0.8565850904490118,0.5160057972740794,11.0
89643.81238263717,43150.215582639845,0.0,0.0,0.0,0.8589191835598211,0.5121111560129602,11.0
89643.57464091326,43150.655443921845,0.0,0.0,0.0,0.861022190734192,0.5085673869442404,11.0
89643.33328205538,43151.09333108332,0.0,0.0,0.0,0.8629160354655275,0.5053473218851134,11.0
89643.08865825381,43151.52940288692,0.0,0.0,0.0,0.8646199133814323,0.5024265173976036,11.0
89642.84109088477,43151.96381046304,0.0,0.0,0.0,0.8661507818090184,0.4997827759853537,11.0
89642.59087388532,43152.39669739833,0.0,0.0,0.0,0.8675236331802133,0.49739596487486976,11.0
89642.33827676845,43152.82819991843,0.0,0.0,0.0,0.8687517872232723,0.4952477483001515,11.0
89642.08354720849,43153.258447102744,0.0,0.0,0.0,0.8698471929981777,0.49332125520110226,11.0
89641.82691314987,43153.687561077146,0.0,0.0,0.0,0.8708205001135771,0.4916011153180385,11.0
89641.56858486691,43154.11565730605,0.0,0.0,0.0,0.8716813244103836,0.4900731258436435,11.0
89641.30875658151,43154.54284482194,0.0,0.0,0.0,0.8724383912492837,0.48872410772782826,11.0
89641.04760786636,43154.96922644501,0.0,0.0,0.0,0.8730994697265055,0.4875421171173777,11.0
89640.7853052088,43155.39489916597,0.0,0.0,0.0,0.8736718939056923,0.48651559255510074,11.0
89640.52200264507,43155.81995414178,0.0,0.0,0.0,0.8741629467811756,0.48563272385090744,11.0
89640.25784170657,43156.24447640485,0.0,0.0,0.0,0.8745686733485978,0.4849016762161931,11.0
89639.99297208202,43156.66855503595,0.0,0.0,0.0,0.8749569377399291,0.48420074050001805,11.0
89639.72741852279,43157.09221608118,0.0,0.0,0.0,0.875031753344031,0.48406552308512,11.0
89639.46175512866,43157.51576140222,0.0,0.0,0.0,0.8767048408812834,0.4810287122151063,11.0
89639.19300136979,43157.93770514094,0.0,0.0,0.0,0.8798642706444069,0.4752250679871444,11.0
89638.9183210907,43158.356630465496,0.0,0.0,0.0,0.8826259944053606,0.4700759023816775,11.0
89638.63838493373,43158.77288109832,0.0,0.0,0.0,0.8849609470041998,0.46566524701488077,11.0
89638.35394692486,43159.18684262692,0.0,0.0,0.0,0.886882812164188,0.4619944561223021,11.0
89638.06576109008,43159.59890063882,0.0,0.0,0.0,0.888403207328572,0.4590639837847293,11.0
89637.77458145533,43160.00944072154,0.0,0.0,0.0,0.889531548041271,0.45687375175129075,11.0
89637.48116204658,43160.41884846261,0.0,0.0,0.0,0.8902749518165327,0.4554234405123109,11.0
89637.1862568898,43160.82750944952,0.0,0.0,0.0,0.8906381734534586,0.45471270488901777,11.0
89636.89062001098,43161.23580926981,0.0,0.0,0.0,0.8906235656879102,0.4547413157404466,11.0
89636.59500543606,43161.644133511,0.0,0.0,0.0,0.8902310611566868,0.4555092290523204,11.0
89636.30016719102,43162.05286776061,0.0,0.0,0.0,0.8894581737138965,0.4570165830837432,11.0
89636.00685930184,43162.46239760615,0.0,0.0,0.0,0.8883000191122367,0.4592636236903594,11.0
89635.71583579447,43162.87310863514,0.0,0.0,0.0,0.8867493572298146,0.46225055700616596,11.0
89635.42785069486,43163.285386435105,0.0,0.0,0.0,0.8847966599278286,0.46597732839759315,11.0
89635.14365802903,43163.69961659357,0.0,0.0,0.0,0.882430210978999,0.47044332575939396,11.0
89634.86401182292,43164.11618469803,0.0,0.0,0.0,0.879636245807879,0.4756470067823623,11.0
89634.58966610249,43164.53547633604,0.0,0.0,0.0,0.8763991414886732,0.4815854491135676,11.0
89634.32137489373,43164.957877095076,0.0,0.0,0.0,0.8727016682039653,0.4882538257034102,11.0
89634.0598922226,43165.383772562695,0.0,0.0,0.0,0.8685253148454533,0.4956448097908485,11.0
89633.80597211505,43165.81354832639,0.0,0.0,0.0,0.8638507013218732,0.5037479189294064,11.0
89633.56036859709,43166.2475899737,0.0,0.0,0.0,0.8586580899120603,0.512548811947284,11.0
89633.32383569465,43166.68628309212,0.0,0.0,0.0,0.8529280044630013,0.5220285616733652,11.0
89633.09712743372,43167.130013269205,0.0,0.0,0.0,0.8466419630263231,0.532162932233103,11.0
89632.88099784024,43167.579166092444,0.0,0.0,0.0,0.8397833217584222,0.5429217001524164,11.0
89632.67620094023,43168.03412714936,0.0,0.0,0.0,0.8323382193920832,0.5542680655957155,11.0
89632.48349075961,43168.49528202748,0.0,0.0,0.0,0.8242965990404978,0.5661582082865786,11.0
89632.30362132436,43168.96301631432,0.0,0.0,0.0,0.8407636415847313,0.5414023448316249,11.0
89632.09728526435,43169.4170032249,0.0,0.0,0.0,0.9065178570665106,0.4221674724792774,11.0
89631.77510461272,43169.80018848455,0.0,0.0,0.0,0.9304791645630266,0.3663448161419678,11.0
89631.40949110247,43170.14089885939,0.0,0.0,0.0,0.9425425476754383,0.33408613533263243,11.0
89631.02106934642,43170.45581787808,0.0,0.0,0.0,0.9491103943822362,0.31494358109921217,11.0
89630.62026773048,43170.75472744862,0.0,0.0,0.0,0.9530662827394527,0.30276172265529483,11.0
89630.211925272,43171.04328446899,0.0,0.0,0.0,0.9554806180906548,0.29505387381476694,11.0
89629.79898314584,43171.32520198572,0.0,0.0,0.0,0.9569174711771715,0.2903600409076414,11.0
89629.38329059364,43171.603053588115,0.0,0.0,0.0,0.9576640264944042,0.28788819419789524,11.0
89628.96617030578,43171.8787536894,0.0,0.0,0.0,0.9578917022739115,0.2871297384716323,11.0
89628.5486137647,43172.15379290167,0.0,0.0,0.0,0.9577001886655169,0.2877678728246663,11.0
89628.13142403125,43172.429388301985,0.0,0.0,0.0,0.957149592176371,0.2895939540056157,11.0
89627.7152883765,43172.706573245414,0.0,0.0,0.0,0.9562730359699404,0.29247543602298154,11.0
89627.3008297065,43172.986259990175,0.0,0.0,0.0,0.9550858249672805,0.296329321779957,11.0
89626.88864000293,43173.269280453984,0.0,0.0,0.0,0.9535899865805632,0.3011081823751747,11.0
89626.47930502871,43173.5564149814,0.0,0.0,0.0,0.9517763807367583,0.3067926352956298,11.0
89626.07342513237,43173.84841412906,0.0,0.0,0.0,0.9496255030888897,0.3133869874183882,11.0
89625.67163451441,43174.14601590221,0.0,0.0,0.0,0.9471078603368214,0.320915410798871,11.0
89625.27461892932,43174.44995916035,0.0,0.0,0.0,0.9441835918857007,0.32941970920668456,11.0
89624.88313381044,43174.76099380204,0.0,0.0,0.0,0.9408012143992549,0.33895881015971135,11.0
89624.49802427486,43175.07988882398,0.0,0.0,0.0,0.936895799457772,0.3496087255180886,11.0
89624.12024778692,43175.40743815379,0.0,0.0,0.0,0.9323865472046414,0.36146275961958646,11.0
89623.75090031637,43175.74446372053,0.0,0.0,0.0,0.9271737731181559,0.37463154491025247,11.0
89623.39124654513,43176.09181474148,0.0,0.0,0.0,0.9211353633932435,0.3892423953096544,11.0
89623.04275419422,43176.45036172745,0.0,0.0,0.0,0.9141223912914783,0.405438347643078,11.0
89622.70713342218,43176.82098313207,0.0,0.0,0.0,0.905954420307085,0.4233752334821365,11.0
89622.38638042248,43177.204541303654,0.0,0.0,0.0,0.8964150217636424,0.4432156458841322,11.0
89622.08282292557,43177.601843332755,0.0,0.0,0.0,0.8852485981406871,0.46511817798270166,11.0
89621.7991627849,43178.01358137752,0.0,0.0,0.0,0.8721604849340495,0.4892198774780146,11.0
89621.5385067765,43178.440246686616,0.0,0.0,0.0,0.8568234452823064,0.5156099141934322,11.0
89621.30437130721,43178.882012694776,0.0,0.0,0.0,0.8388951566306546,0.5442930425622116,11.0
89621.10064018513,43179.33858620288,0.0,0.0,0.0,0.8180518226788256,0.5751445169797338,11.0
89620.93144771269,43179.80903886613,0.0,0.0,0.0,0.7940395090627755,0.6078661514242641,11.0
89620.80096556654,43180.291647224454,0.0,0.0,0.0,0.7667405808623021,0.6419570715078536,11.0
89620.71308813755,43180.783785098196,0.0,0.0,0.0,0.7362460725823101,0.6767139134132856,11.0
89620.6710375934,43181.28192142642,0.0,0.0,0.0,0.7028912481376061,0.7112973311432838,11.0
89620.67698027243,43181.78178395847,0.0,0.0,0.0,0.6672521185258795,0.7448319342796237,11.0
89620.73174314805,43182.27866817116,0.0,0.0,0.0,0.6300715629691964,0.7765370728674542,11.0
89620.83473090924,43182.76783729757,0.0,0.0,0.0,0.592136926785006,0.8058373656871519,11.0
89620.98407405372,43183.244905240055,0.0,0.0,0.0,0.5541680631341777,0.8324048040479549,11.0
89621.17693510544,43183.70610961981,0.0,0.0,0.0,0.5167217556456746,0.8561533900198327,11.0
89621.40989327403,43184.14842588401,0.0,0.0,0.0,0.4801656505614703,0.8771778314691269,11.0
89621.67929238209,43184.569551143795,0.0,0.0,0.0,0.4446813544882347,0.8956888371362618,11.0
89621.9815085674,43184.96779151888,0.0,0.0,0.0,0.4103032425795609,0.9119491483239063,11.0
89622.31311821073,43185.34192027099,0.0,0.0,0.0,0.3769589255756763,0.9262299759934526,11.0
89622.67097908726,43185.69103084044,0.0,0.0,0.0,0.34450899992379014,0.9387830148503487,11.0
89623.05225242511,43186.01441593212,0.0,0.0,0.0,0.3127791761035475,0.9498258719344226,11.0
89623.45438167715,43186.311472185494,0.0,0.0,0.0,0.28158255081035294,0.9595370066230562,11.0
89623.87505327267,43186.58163558558,0.0,0.0,0.0,0.250738339329042,0.968054897818566,11.0
89624.31214356347,43186.82434185506,0.0,0.0,0.0,0.22008301842255099,0.9754811453851987,11.0
89624.76366655299,43187.03900944669,0.0,0.0,0.0,0.18948168586696434,0.9818842552567044,11.0
89625.22772191993,43187.22504196465,0.0,0.0,0.0,0.15883572933759682,0.987305024339385,11.0
89625.70245084689,43187.38184731161,0.0,0.0,0.0,0.1280904107884814,0.9917624950884351,11.0
89626.18600039446,43187.50887120275,0.0,0.0,0.0,0.09724168135410675,0.9952607976844192,11.0
89626.67650027925,43187.605643321556,0.0,0.0,0.0,0.06633907832660908,0.9977971370407794,11.0
89627.17205466525,43187.67183028835,0.0,0.0,0.0,0.035489359578478694,0.9993700542625387,11.0
89627.67075041274,43187.70729410869,0.0,0.0,0.0,0.004850778128292467,0.9999882349065663,11.0
89628.17068270013,43187.71214440109,0.0,0.0,0.0,-0.025370650826885464,0.9996781132327647,11.0
89628.66999633794,43187.6867840851,0.0,0.0,0.0,-0.05493755944100175,0.9984897919171064,11.0
89629.16693765248,43187.63193396853,0.0,0.0,0.0,-0.083592764002313,0.996499999902887,11.0
89629.65991245107,43187.54864010703,0.0,0.0,0.0,-0.11108101721368026,0.993811354138588,11.0
89630.14753952726,43187.43825421207,0.0,0.0,0.0,-0.13716195460533268,0.9905486349538041,11.0
89630.6286963096,43187.30239704384,0.0,0.0,0.0,-0.1616265512921546,0.9868519939268525,11.0
89631.10254750893,43187.14290419581,0.0,0.0,0.0,-0.1843033168026134,0.9828694152406796,11.0
89631.56855836937,43186.96176643123,0.0,0.0,0.0,-0.2050630138787305,0.9787487728416172,11.0
89632.0264900539,43186.761068917156,0.0,0.0,0.0,-0.22381574071221105,0.9746314761023493,11.0
89632.47638274578,43186.54293775319,0.0,0.0,0.0,-0.24050606976262348,0.9706476345241543,11.0
89632.91852895764,43186.30949671179,0.0,0.0,0.0,-0.2551047495413982,0.9669134225779579,11.0
89633.35344269026,43186.0628369484,0.0,0.0,0.0,-0.26760021209161383,0.9635300340355372,11.0
89633.78182727711,43185.80499944115,0.0,0.0,0.0,-0.27798962769301094,0.9605840759116826,11.0
89634.20454541592,43185.53796932337,0.0,0.0,0.0,-0.286271026805804,0.9581486832488738,11.0
89634.6225921344,43185.26368054681,0.0,0.0,0.0,-0.292436209798563,0.9562850324033367,11.0
89635.03707213973,43184.98402889019,0.0,0.0,0.0,-0.29646503468789276,0.9550437074854252,11.0
89635.44918025921,43184.70089207422,0.0,0.0,0.0,-0.29832070630625135,0.9544656914677129,11.0
89635.8601850089,43184.4161551995,0.0,0.0,0.0,-0.2979466671073613,0.9545825179415425,11.0
89636.27141270375,43184.13174058116,0.0,0.0,0.0,-0.29526460429460594,0.9554155187407989,11.0
89636.68423088996,43183.8496406247,0.0,0.0,0.0,-0.2901749978187395,0.9569735997617147,11.0
89637.10002761999,43183.57195197494,0.0,0.0,0.0,-0.28255999765334944,0.9592496274308056,11.0
89637.52018396114,43183.30090866456,0.0,0.0,0.0,-0.2722907928827218,0.9622150092943358,11.0
89637.94603548042,43183.038910194184,0.0,0.0,0.0,-0.25924069497134594,0.9658127468980587,11.0
89638.37882005417,43182.7885378313,0.0,0.0,0.0,-0.24330542217638235,0.9699497262949108,11.0
89638.81960794667,43182.55255160889,0.0,0.0,0.0,-0.22443245992848895,0.9744896463946896,11.0
89639.26921781003,43182.333854329656,0.0,0.0,0.0,-0.2026579872490561,0.9792495801398954,11.0
89639.72812059394,43182.13541323731,0.0,0.0,0.0,-0.17814744249461442,0.9840038052429615,11.0
89640.19634996452,43181.96012824837,0.0,0.0,0.0,-0.15122838755688012,0.9884988491631875,11.0
89640.67343937962,43181.810651869026,0.0,0.0,0.0,-0.12240777000637203,0.9924798929157543,11.0
89641.15840982749,43181.68917611311,0.0,0.0,0.0,-0.09235009583472507,0.9957265989212687,11.0
89641.6498325791,43181.59722977969,0.0,0.0,0.0,-0.061822558531456975,0.9980871561425007,11.0
89642.145961817,43181.5355315385,0.0,0.0,0.0,-0.03161429700544868,0.9995001431840074,11.0
89642.64491638349,43181.50393595509,0.0,0.0,0.0,-0.0024420975137594354,0.9999970180754207,11.0
89643.14486940022,43181.5014940652,0.0,0.0,0.0,0.025113712668153182,0.9996846009797398,11.0
89643.64420364943,43181.52659809478,0.0,0.0,0.0,0.05064572261226925,0.9987166819379163,11.0
89644.14161028377,43181.57717593742,0.0,0.0,0.0,0.07391907530238706,0.9972642429699563,11.0
89644.63612366315,43181.65088942063,0.0,0.0,0.0,0.09484434738111833,0.9954921143684915,11.0
89645.12711119725,43181.74530294854,0.0,0.0,0.0,0.11344196994732611,0.9935446237862041,11.0
89645.61422927084,43181.85800963569,0.0,0.0,0.0,0.12980508559550605,0.9915395301013185,11.0
89646.09737063998,43181.98671403966,0.0,0.0,0.0,0.1440678482375988,0.9895678122818002,11.0
89646.57660855204,43182.12927699865,0.0,0.0,0.0,0.156382502674279,0.9876965692242375,11.0
89647.05214837649,43182.28373393721,0.0,0.0,0.0,0.16690419233569492,0.9859731185893302,11.0
89647.52428825875,43182.448295900846,0.0,0.0,0.0,0.1757795770676488,0.9844295506972139,11.0
89647.99338777534,43182.621337764416,0.0,0.0,0.0,0.1831423760084252,0.9830864001246221,11.0
89648.45984529867,43182.801382023725,0.0,0.0,0.0,0.1891107393149842,0.9819557669649586,11.0
89648.92408162176,43182.98708008271,0.0,0.0,0.0,0.19378537799310822,0.9810439476782211,11.0
89649.38652842764,43183.1771918817,0.0,0.0,0.0,0.1972500623290725,0.9803532082424053,11.0
89649.84762064673,43183.37056653185,0.0,0.0,0.0,0.19957221997587113,0.9798831200780542,11.0
89650.30779150083,43183.566123949604,0.0,0.0,0.0,0.20080356578455735,0.9796315266303994,11.0
89650.76746941937,43183.76283744927,0.0,0.0,0.0,0.20098048934924598,0.97959524442544,11.0
89651.22707626605,43183.95971698248,0.0,0.0,0.0,0.20012455750171118,0.9797704636723564,11.0
89651.68702638817,43184.15579309619,0.0,0.0,0.0,0.19824268807548234,0.9801529659316484,11.0
89652.14772609268,43184.35010119916,0.0,0.0,0.0,0.19532688941529366,0.9807381945612935,11.0
89652.60957323849,43184.541665632,0.0,0.0,0.0,0.19135351537659845,0.98152118273271,11.0
89653.07295664001,43184.72948298619,0.0,0.0,0.0,0.18628197812882394,0.9824963229571968,11.0
89653.53825497103,43184.912504071915,0.0,0.0,0.0,0.18005297906440657,0.9836569141372578,11.0
89654.0058348092,43185.089614018114,0.0,0.0,0.0,0.17258585100994464,0.9849944791881694,11.0
89654.47604729459,43185.25960953613,0.0,0.0,0.0,0.1637749247764087,0.9864977313782742,11.0
89654.94922271831,43185.42117232538,0.0,0.0,0.0,0.15348448888185665,0.9881510571125627,11.0
89655.42566198816,43185.572837153355,0.0,0.0,0.0,0.14154173266160783,0.9899322895608315,11.0
89655.90562328648,43185.7129525304,0.0,0.0,0.0,0.12772873584749206,0.9918091399250168,11.0
89656.38930185845,43185.83963327755,0.0,0.0,0.0,0.11177126727393748,0.993733960279097,11.0
89656.87679931174,43185.95070196468,0.0,0.0,0.0,0.09332346648845626,0.995635842365359,11.0
89657.36807649602,43186.043615590876,0.0,0.0,0.0,0.07194737202088668,0.9974084297113636,11.0
89657.86288007509,43186.115373606255,0.0,0.0,0.0,0.04709491671528088,0.998890418824598,11.0
89658.3606329585,43186.162413509184,0.0,0.0,0.0,0.018080751451782673,0.9998365298522248,11.0
89658.86026410066,43186.18048978746,0.0,0.0,0.0,-0.015939469956294302,0.9998729585789948,11.0
89659.35994714242,43186.16455434816,0.0,0.0,0.0,-0.05595706328687628,0.9984331760655335,11.0
89659.85672548003,43186.10869513239,0.0,0.0,0.0,-0.10305878174194828,0.9946752673641108,11.0
89660.34597211718,43186.00621281354,0.0,0.0,0.0,-0.1582180772758822,0.9874041928324606,11.0
89660.8207543684,43185.850048401015,0.0,0.0,0.0,-0.22188495981239972,0.9750728509239962,11.0
89661.2712796899,43185.633810429754,0.0,0.0,0.0,-0.29330234049928605,0.9560197367510991,11.0
89661.68496588712,43185.35360236692,0.0,0.0,0.0,-0.3698589509943005,0.9290879163832644,11.0
89662.04787722582,43185.0102481119,0.0,0.0,0.0,-0.4471463315041414,0.8944608198363909,11.0
89662.34769103874,43184.610621595144,0.0,0.0,0.0,-0.5202161441674714,0.854034638259789,11.0
89662.57689738562,43184.16666597357,0.0,0.0,0.0,-0.5853676279531479,0.8107679940306629,11.0
89662.73414957475,43183.69234779675,0.0,0.0,0.0,-0.6410794147943539,0.7674745493675531,11.0
89662.8231282357,43183.200548584406,0.0,0.0,0.0,-0.6876402984772192,0.7260515270352105,11.0
89662.85027068731,43182.70144017595,0.0,0.0,0.0,-0.7262825355612385,0.6873963038442514,11.0
89662.8227901431,43182.20230117963,0.0,0.0,0.0,-0.758471554621959,0.65170614607302,11.0
89662.74752172559,43181.7080707442,0.0,0.0,0.0,-0.7855519287928076,0.6187957394568097,11.0
89662.63044139557,43181.22202231042,0.0,0.0,0.0,-0.8086335992470924,0.5883125888239115,11.0
89662.47656311623,43180.746323955354,0.0,0.0,0.0,-0.8285874980869549,0.5598595877664333,11.0
89662.29001369442,43180.28245074588,0.0,0.0,0.0,-0.8460861984210706,0.5330461001089688,11.0
89662.0741574531,43179.83145952651,0.0,0.0,0.0,-0.8616473893137719,0.5075074152056905,11.0
89661.83172480165,43179.39417353023,0.0,0.0,0.0,-0.8756714990940939,0.4829072640521183,11.0
89661.56492592719,43178.9713080966,0.0,0.0,0.0,-0.8884712982565096,0.45893218690171683,11.0
89661.27554466523,43178.56356000078,0.0,0.0,0.0,-0.900294126017106,0.43528207711677636,11.0
89660.96501347469,43178.171675987,0.0,0.0,0.0,-0.9113378888755584,0.41165914577455975,11.0
89660.63447369257,43177.79651196607,0.0,0.0,0.0,-0.9217630004797095,0.3877537503966184,11.0
89660.28482114675,43177.4390892663,0.0,0.0,0.0,-0.9316982717398763,0.3632331626337656,11.0
89659.91675632598,43177.10066265898,0.0,0.0,0.0,-0.9412505903410072,0.33770893707852245,11.0
89659.53078270114,43176.78277666743,0.0,0.0,0.0,-0.9504897543680025,0.31075589590779146,11.0
89659.12739107978,43176.487435037096,0.0,0.0,0.0,-0.9594843806453353,0.2817618201560271,11.0
89658.70659474538,43176.21696938354,0.0,0.0,0.0,-0.9681846970572208,0.25023667274046335,11.0
89658.26990162367,43175.975075433875,0.0,0.0,0.0,-0.9759155618182523,0.21814861035762975,11.0
89657.8200935666,43175.76340578368,0.0,0.0,0.0,-0.9819689586466864,0.18904222875945537,11.0
89657.35878232648,43175.57895244609,0.0,0.0,0.0,-0.9865523881432985,0.16344535921449257,11.0
89656.88749221888,43175.41838490163,0.0,0.0,0.0,-0.9899377076210996,0.14150383397591196,11.0
89656.40774755938,43175.27837263082,0.0,0.0,0.0,-0.9923748689198217,0.12325631641569751,11.0
89655.9210726636,43175.15558511415,0.0,0.0,0.0,-0.9940772412257511,0.10867584127578529,11.0
89655.42899184709,43175.046691832176,0.0,0.0,0.0,-0.9952154308423405,0.09770489349717547,11.0
89654.93302942546,43174.94836226538,0.0,0.0,0.0,-0.9959162240703369,0.09028219444321568,11.0
89654.43470971429,43174.857265894294,0.0,0.0,0.0,-0.9962638644404919,0.08636152158280443,11.0
89653.93555702917,43174.77007219945,0.0,0.0,0.0,-0.996301719317894,0.08592371083821033,11.0
89653.43709568569,43174.68345066134,0.0,0.0,0.0,-0.9960331486102058,0.08898295831022757,11.0
89652.94084999945,43174.59407076049,0.0,0.0,0.0,-0.9954193837334349,0.0956046572492617,11.0
89652.44834507986,43174.4985850698,0.0,0.0,0.0,-0.9934426524326225,0.11433151939703927,11.0
89651.96152472726,43174.38502844278,0.0,0.0,0.0,-0.9894628944423645,0.1447866724589607,11.0
89651.48253777152,43174.24178231505,0.0,0.0,0.0,-0.984662398369154,0.17447051681560827,11.0
89651.0130259488,43174.07000539798,0.0,0.0,0.0,-0.9790137955266247,0.20379398462308024,11.0
89650.55460613673,43173.87050925127,0.0,0.0,0.0,-0.972501182773088,0.23289793795769187,11.0
89650.10889556613,43173.644040110106,0.0,0.0,0.0,-0.9650873573184746,0.2619282205949618,11.0
89649.67754999551,43173.391284643905,0.0,0.0,0.0,-0.9567103984207669,0.2910416010703236,11.0
89649.26230366265,43173.11287460444,0.0,0.0,0.0,-0.9472818776324968,0.3204013800049108,11.0
89648.86500992856,43172.80940178152,0.0,0.0,0.0,-0.9366848534485324,0.3501735074503803,11.0
89648.48768170945,43172.481443275894,0.0,0.0,0.0,-0.9247720347203622,0.3805215943926984,11.0
89648.13252997876,43172.12959865195,0.0,0.0,0.0,-0.911364751500221,0.41159967167496664,11.0
89647.80199718768,43171.75454126716,0.0,0.0,0.0,-0.8962538134282764,0.443541544745554,11.0
89647.49878027954,43171.357086235985,0.0,0.0,0.0,-0.8792039823580152,0.4764455450582017,11.0
89647.22583510363,43170.93827698951,0.0,0.0,0.0,-0.8599645507660674,0.5103537708548023,11.0
89646.98634981032,43170.4994892926,0.0,0.0,0.0,-0.8382889714696132,0.5452261918804139,11.0
89646.78367247836,43170.04254732266,0.0,0.0,0.0,-0.8139662919119132,0.5809121066316058,11.0
89646.62117702354,43169.56983730504,0.0,0.0,0.0,-0.7868652031570224,0.6171249079891833,11.0
89646.50205704698,43169.084393449084,0.0,0.0,0.0,-0.7569862401893962,0.6534308166622704,11.0
89646.42905327427,43168.589920546314,0.0,0.0,0.0,-0.7245112965375601,0.6892629260227651,11.0
89646.40414540957,43168.090717219915,0.0,0.0,0.0,-0.6898320338491023,0.7239694503745382,11.0
89646.4282685317,43167.59147877102,0.0,0.0,0.0,-0.653539136747898,0.7568927247231356,11.0
89646.50112941694,43167.09699424919,0.0,0.0,0.0,-0.6163650783285416,0.7874605324821371,11.0
89646.62118321662,43166.611793911594,0.0,0.0,0.0,-0.5790919355978621,0.8152622462284891,11.0
89646.78578491822,43166.13982786114,0.0,0.0,0.0,-0.542451591787566,0.8400870613020628,11.0
89646.99147441296,43165.68424705003,0.0,0.0,0.0,-0.5070473556249578,0.8619181974838085,11.0
89647.23431886447,43165.24731901072,0.0,0.0,0.0,-0.4733134052709123,0.8808941028244275,11.0
89647.51023622851,43164.83046622331,0.0,0.0,0.0,-0.4415115340927776,0.8972555741053059,11.0
89647.8152503007,43164.43438700231,0.0,0.0,0.0,-0.41175350215532436,0.9112952614069851,11.0
89648.14566051653,43164.05921344099,0.0,0.0,0.0,-0.38403485017299077,0.9233185982382293,11.0
89648.49813391535,43163.7046710138,0.0,0.0,0.0,-0.35826935110286895,0.9336182689195457,11.0
89648.86973801699,43163.370219276636,0.0,0.0,0.0,-0.33431817008931575,0.9424602703287451,11.0
89649.25793485799,43163.05516569961,0.0,0.0,0.0,-0.3120117353835912,0.950078247821157,11.0
89649.66055291939,43162.758752676375,0.0,0.0,0.0,-0.2911646081596585,0.9566729697003217,11.0
89650.07574879233,43162.480221678685,0.0,0.0,0.0,-0.27158459374560906,0.9624145720218665,11.0
89650.50196604122,43162.218859768356,0.0,0.0,0.0,-0.25307749312419775,0.967446010108043,11.0
89650.93789545343,43161.97403352095,0.0,0.0,0.0,-0.23544869727629963,0.9718867788744188,11.0
89651.38243866836,43161.74521469779,0.0,0.0,0.0,-0.2185025043526684,0.9758363877165127,11.0
89651.83467581472,43161.53200120113,0.0,0.0,0.0,-0.20203973878127707,0.9793773246064018,11.0
89652.29383696184,43161.33413616237,0.0,0.0,0.0,-0.18585398229476655,0.9825773746963526,11.0
89652.75927669228,43161.1515275288,0.0,0.0,0.0,-0.16972651903999272,0.9854912017540121,11.0
89653.23045074548,43160.98427023091,0.0,0.0,0.0,-0.15341992637322757,0.9881610831193635,11.0
89653.70689333399,43160.83267291055,0.0,0.0,0.0,-0.13667011599200737,0.9906166157473492,11.0
89654.1881932723,43160.69729122566,0.0,0.0,0.0,-0.11917655532463725,0.9928730778206012,11.0
89654.67396635286,43160.57896984601,0.0,0.0,0.0,-0.10059043090807286,0.994927919605098,11.0
89655.16382029283,43160.47889526154,0.0,0.0,0.0,-0.08050074998556254,0.9967545481470159,11.0
89655.65730684611,43160.39866115056,0.0,0.0,0.0,-0.05841921516989911,0.9982921392553049,11.0
89656.1538531272,43160.34034651226,0.0,0.0,0.0,-0.03376664242041612,0.9994297443340636,11.0
89656.65266085614,43160.306602648954,0.0,0.0,0.0,-0.005867403286668852,0.9999827866411859,11.0
89657.15255855564,43160.300736143196,0.0,0.0,0.0,0.026033130984154346,0.9996610806124053,11.0
89657.6517910729,43160.32675577288,0.0,0.0,0.0,0.06270063678360416,0.9980323793078713,11.0
89658.14774082764,43160.38931804289,0.0,0.0,0.0,0.10475061334640974,0.9944985213682075,11.0
89658.63661358022,43160.49345944882,0.0,0.0,0.0,0.1523524470042242,0.9883262274632931,11.0
89659.1132101792,43160.643972690814,0.0,0.0,0.0,0.20482062589948408,0.9787995255445027,11.0
89659.57103764717,43160.844354276225,0.0,0.0,0.0,0.26028164960926237,0.9655327352693337,11.0
89660.00306335831,43161.095532315354,0.0,0.0,0.0,0.3157704546717404,0.9488356127150805,11.0
89660.40314706152,43161.39499288967,0.0,0.0,0.0,0.3679562965928757,0.9298430855782365,11.0
89660.76759418547,43161.73698339101,0.0,0.0,0.0,0.41414425306349634,0.9102112599031494,11.0
89661.09596749769,43162.11381451449,0.0,0.0,0.0,0.452880531042618,0.8915712111786451,11.0
89661.39079763785,43162.517495167835,0.0,0.0,0.0,0.48388913611370415,0.875129306989049,11.0
89661.65660972636,43162.94089826722,0.0,0.0,0.0,0.5076237765757491,0.8615788422744456,11.0
89661.8989074955,43163.37821947534,0.0,0.0,0.0,0.5248127909021573,0.8512176775099825,11.0
89662.12346975927,43163.824930958486,0.0,0.0,0.0,0.5361627668475633,0.8441146174817526,11.0
89662.33599596529,43164.2775067995,0.0,0.0,0.0,0.5422118815961313,0.8402417958278336,11.0
89662.54200170597,43164.733094701936,0.0,0.0,0.0,0.5432723153711927,0.8395565444633395,11.0
89662.74685680842,43165.18920233179,0.0,0.0,0.0,0.5394124909488728,0.8420416644135444,11.0
89662.9558892593,43165.64340639976,0.0,0.0,0.0,0.530453756372008,0.8477138741054239,11.0
89663.1745022747,43166.093067484966,0.0,0.0,0.0,0.5159752886615193,0.8566034680589741,11.0
89663.40825840723,43166.535028430066,0.0,0.0,0.0,0.49410183912319366,0.869404032987585,11.0
89663.66403698869,43166.9644602042,0.0,0.0,0.0,0.4477171580915582,0.8941752324630887,11.0
89663.96344533279,43167.36460935337,0.0,0.0,0.0,0.4046977471669908,0.9144505090150928,11.0
89664.30102225766,43167.73617927083,0.0,0.0,0.0,0.37501868895955853,0.9270172506113648,11.0
89664.66251449137,43168.085889854476,0.0,0.0,0.0,0.3555329820709202,0.9346637356074957,11.0
89665.03646394127,43168.41850775809,0.0,0.0,0.0,0.3229525018004231,0.9464151740017949,11.0
89665.43211921488,43168.724119059916,0.0,0.0,0.0,0.2857324057898358,0.9583094449506133,11.0
89665.85039581894,43168.99788650798,0.0,0.0,0.0,0.24595514149672718,0.9692812122244632,11.0
89666.28980754317,43169.236235030934,0.0,0.0,0.0,0.2041054954043216,0.9789488989450656,11.0
89666.74804066382,43169.43599687529,0.0,0.0,0.0,0.16074452904477224,0.9869960467915636,11.0
89667.22208335025,43169.5946114366,0.0,0.0,0.0,0.11654738657945253,0.9931851321286982,11.0
89667.70837523714,43169.710334864634,0.0,0.0,0.0,0.07223620220734578,0.9973875531059426,11.0
89668.20303103341,43169.782363986524,0.0,0.0,0.0,0.028505594200998883,0.9995936329825476,11.0
89668.70209575823,43169.81085099282,0.0,0.0,0.0,-0.014041223149071956,0.9999014171669515,11.0
89669.20178311896,43169.79681439791,0.0,0.0,0.0,-0.05493293810366507,0.9984900461753732,11.0
89669.69865982051,43169.74197606847,0.0,0.0,0.0,-0.09384390573350287,0.9955869230542763,11.0
89670.18975866046,43169.6485642744,0.0,0.0,0.0,-0.13058528513638082,0.9914370798521962,11.0
89670.67262314585,43169.519119430464,0.0,0.0,0.0,-0.16508257076701432,0.986279749781447,11.0
89671.145298883,43169.35632663382,0.0,0.0,0.0,-0.19734832848066333,0.9803334316679648,11.0
89671.6062905911,43169.16288545641,0.0,0.0,0.0,-0.22745609942423986,0.9737883357458695,11.0
89672.05450140256,43168.94141750423,0.0,0.0,0.0,-0.2555184962963846,0.9668041673733282,11.0
89672.48916665644,43168.69440675479,0.0,0.0,0.0,-0.2816704496761836,0.959511207740283,11.0
89672.90979010923,43168.42416541155,0.0,0.0,0.0,-0.306057325084974,0.9520130848690214,11.0
89673.31608642422,43168.13281820929,0.0,0.0,0.0,-0.3288269584296759,0.9443901902338292,11.0
89673.70793146084,43167.82229928154,0.0,0.0,0.0,-0.3501246212375762,0.9367031277855561,11.0
89674.0853204518,43167.494357099415,0.0,0.0,0.0,-0.37009005216062457,0.9289958844320819,11.0
89674.44833342206,43167.150564267926,0.0,0.0,0.0,-0.38885592435636473,0.9212985781455202,11.0
89674.79710692339,43166.792329903044,0.0,0.0,0.0,-0.40654723353302014,0.9136297646785858,11.0
89675.13181104403,43166.420913146125,0.0,0.0,0.0,-0.42328127287504264,0.9059983245201305,11.0
89675.45263073024,43166.0374368931,0.0,0.0,0.0,-0.43916797355153114,0.8984049704930631,11.0
89675.75975056364,43165.642901178515,0.0,0.0,0.0,-0.45431046230727595,0.890843422739456,11.0
89676.05334225691,43165.238195904014,0.0,0.0,0.0,-0.46880574682540316,0.8833012916007064,11.0
89676.33355423767,43164.824112764305,0.0,0.0,0.0,-0.4827454698368162,0.8757607043890652,11.0
89676.60050278791,43164.40135633441,0.0,0.0,0.0,-0.4962166986561744,0.8681987030483099,11.0
89676.85426428616,43163.97055435526,0.0,0.0,0.0,-0.5093027318053629,0.8605874315696196,11.0
89677.09486816253,43163.53226730528,0.0,0.0,0.0,-0.5220839103713245,0.8528941262146121,11.0
89677.3222902297,43163.08699738525,0.0,0.0,0.0,-0.5346384304769324,0.8450809124913202,11.0
89677.53644608968,43162.63519707579,0.0,0.0,0.0,-0.5470431503739674,0.8371044090368446,11.0
89677.73718435003,43162.17727746051,0.0,0.0,0.0,-0.5593743894448155,0.8289151298132034,11.0
89677.92427940524,43161.71361654481,0.0,0.0,0.0,-0.5717087085658066,0.8204566731705079,11.0
89678.09742356453,43161.244567846545,0.0,0.0,0.0,-0.584123654706081,0.8116646820040965,11.0
89678.2562183346,43160.77046959501,0.0,0.0,0.0,-0.5966984396118535,0.8024655582420838,11.0
89678.40016470659,43160.29165495032,0.0,0.0,0.0,-0.6095144990837451,0.792774921025313,11.0
89678.52865236437,43159.80846375437,0.0,0.0,0.0,-0.6226558513380348,0.7824958088031572,11.0
89678.640947841,43159.32125644402,0.0,0.0,0.0,-0.6362091184962826,0.7715166605733041,11.0
89678.7361818421,43158.83043090056,0.0,0.0,0.0,-0.6502630144237336,0.7597091628199303,11.0
89678.81333625737,43158.33644315912,0.0,0.0,0.0,-0.664906998038196,0.7469261569658907,11.0
89678.87123187493,43157.83983303294,0.0,0.0,0.0,-0.6802286860624872,0.732999955428172,11.0
89678.90851854143,43157.34125576498,0.0,0.0,0.0,-0.6963094712164914,0.7177416807558343,11.0
89678.92367059222,43156.84152070836,0.0,0.0,0.0,-0.7132175537481922,0.7009427373369701,11.0
89678.91499202991,43156.34163732345,0.0,0.0,0.0,-0.7309977715115155,0.6823798487977193,11.0
89678.88063761969,43155.842867545965,0.0,0.0,0.0,-0.7496576740384268,0.6618257865596473,11.0
89678.81865805174,43155.34678127698,0.0,0.0,0.0,-0.7691498287537639,0.6390684947077704,11.0
89678.72707881672,43154.855307455975,0.0,0.0,0.0,-0.7893521325696741,0.6139407225520291,11.0
89678.6040210599,43154.37076697741,0.0,0.0,0.0,-0.8100499894915971,0.586360822808502,11.0
89678.4478676299,43153.89586920147,0.0,0.0,0.0,-0.8309275949138285,0.5563805640123679,11.0
89678.25746438437,43153.433648083956,0.0,0.0,0.0,-0.8515763777661035,0.524230553125972,11.0
89678.03232985629,43152.98732048976,0.0,0.0,0.0,-0.8715282220869639,0.49034534575739136,11.0
89677.77282575934,43152.56006509682,0.0,0.0,0.0,-0.8903113332169019,0.45535231408827015,11.0
89677.48023603667,43152.15474918657,0.0,0.0,0.0,-0.9075178182576579,0.4200135825718744,11.0
89677.1567156751,43151.773659746395,0.0,0.0,0.0,-0.9228608018381241,0.38513366566777135,11.0
89676.80511149952,43151.418303591265,0.0,0.0,0.0,-0.9362042791980469,0.35145632390279363,11.0
89676.42869700969,43151.08932457892,0.0,0.0,0.0,-0.9475579028009744,0.31958413734010493,11.0
89676.03088851031,43150.78654385309,0.0,0.0,0.0,-0.9570456212198089,0.2899373706578545,11.0
89675.6150017488,43150.50909362472,0.0,0.0,0.0,-0.9648630602353694,0.26275325876806527,11.0
89675.18408243216,43150.255597070645,0.0,0.0,0.0,-0.9712372440763265,0.23811387132845102,11.0
89674.74081437786,43150.024349606996,0.0,0.0,0.0,-0.9763965341090821,0.2159856666072361,11.0
89674.28749107354,43149.813474458126,0.0,0.0,0.0,-0.9805520249282758,0.19625933457814956,11.0
89673.82602987399,43149.62104075827,0.0,0.0,0.0,-0.9838885425549597,0.1787829293559012,11.0
89673.35800949723,43149.44514440378,0.0,0.0,0.0,-0.9865621626020562,0.16338634986422249,11.0
89672.88471702367,43149.28395784535,0.0,0.0,0.0,-0.9887014896583445,0.14989784637335715,11.0
89672.40719574655,43149.135756525815,0.0,0.0,0.0,-0.9904107276166645,0.13815422766542168,11.0
89671.92628928414,43148.99892907322,0.0,0.0,0.0,-0.9917733187914671,0.12800657847688462,11.0
89671.4426800419,43148.871976895934,0.0,0.0,0.0,-0.9928554895797194,0.11932299364085616,11.0
89670.95692164931,43148.75350729212,0.0,0.0,0.0,-0.9937093920414481,0.11198948240176582,11.0
89670.46946580448,43148.642222864895,0.0,0.0,0.0,-0.994375724082407,0.10590995871771733,11.0
89669.98068437746,43148.5369089293,0.0,0.0,0.0,-0.994885853290341,0.10100563807407066,11.0
89669.49088753805,43148.43642005849,0.0,0.0,0.0,-0.9952634788985039,0.09721423543312618,11.0
89669.0003387204,43148.3396663937,0.0,0.0,0.0,-0.9955258823367661,0.09448924593626151,11.0
89668.50926719622,43148.24559995323,0.0,0.0,0.0,-0.9956848083026449,0.09279958251697736,11.0
89668.0178790291,43148.153200831934,0.0,0.0,0.0,-0.9957470610093678,0.09212920541937948,11.0
89667.52636682062,43148.0614634466,0.0,0.0,0.0,-0.9957147973547174,0.09247725303475547,11.0
89667.03491889838,43147.96938248397,0.0,0.0,0.0,-0.9955855391374484,0.09385858650329378,11.0
89666.54372852463,43147.87593826905,0.0,0.0,0.0,-0.9953519143236368,0.09630455156570558,11.0
89666.05300355185,43147.780081439254,0.0,0.0,0.0,-0.9950010321794934,0.09986463819462175,11.0
89665.56297738518,43147.68071620111,0.0,0.0,0.0,-0.9945135131721798,0.1046081837999707,11.0
89665.07392176839,43147.57668227018,0.0,0.0,0.0,-0.993862012876116,0.11062684738269937,11.0
89664.58616239585,43147.46673497374,0.0,0.0,0.0,-0.9930090573899947,0.11803818001576588,11.0
89664.10009890061,43147.34952283415,0.0,0.0,0.0,-0.9919041747485328,0.1269886141212358,11.0
89663.61623009185,43147.22356362088,0.0,0.0,0.0,-0.9904798741328069,0.13765761489238063,11.0
89663.13518685068,43147.08721854751,0.0,0.0,0.0,-0.988646222489546,0.15026192717102702,11.0
89662.65777548608,43146.938665768925,0.0,0.0,0.0,-0.9862840017868995,0.1650571653071118,11.0
89662.18503321943,43146.77587730199,0.0,0.0,0.0,-0.9832360723855693,0.18233712172730898,11.0
89661.71829896672,43146.596604134276,0.0,0.0,0.0,-0.979297500904761,0.20242629454122227,11.0
89661.25930085349,43146.39837957468,0.0,0.0,0.0,-0.9742063617721408,0.22565895657537874,11.0
89660.81025677362,43146.1785578059,0.0,0.0,0.0,-0.9676393391703038,0.25233729270573124,11.0
89660.37397519543,43145.93441111238,0.0,0.0,0.0,-0.9592200973633324,0.2826602285682921,11.0
89659.95392797216,43145.66331386453,0.0,0.0,0.0,-0.9485531493822288,0.3166179445278729,11.0
89659.55424239062,43145.36303562464,0.0,0.0,0.0,-0.9352965980502052,0.35386476749701,11.0
89659.17953899312,43145.03213451753,0.0,0.0,0.0,-0.9192787600260458,0.3936071154907844,11.0
89658.83454264517,43144.67038069167,0.0,0.0,0.0,-0.9006850548582598,0.4344725905681205,11.0
89658.52334871677,43144.279107562674,0.0,0.0,0.0,-0.8808325219038604,0.47342799701378585,11.0
89658.24727223048,43143.86177850269,0.0,0.0,0.0,-0.8286364152707504,0.5597871839254991,11.0
89658.06216116689,43143.40171418388,0.0,0.0,0.0,-0.7910293168189841,0.6117782440826833,11.0
89657.93584064432,43142.9154966055,0.0,0.0,0.0,-0.8035583309587848,0.5952260148437164,11.0
89657.79019791775,43142.437405457014,0.0,0.0,0.0,-0.7792462373129465,0.6267178804163921,11.0
89657.68299019407,43141.94911522001,0.0,0.0,0.0,-0.7604134892673681,0.6494392391442222,11.0
89657.60476898427,43141.45531998632,0.0,0.0,0.0,-0.7455344087942762,0.6664671374522295,11.0
89657.54895051465,43140.95847326371,0.0,0.0,0.0,-0.7339616143152929,0.6791909515826084,11.0
89657.51025207376,43140.459988767805,0.0,0.0,0.0,-0.7251739385897731,0.6885657258317436,11.0
89657.48437526905,43139.96066727125,0.0,0.0,0.0,-0.7187629075456232,0.6952552644436156,11.0
89657.46775528825,43139.46094767896,0.0,0.0,0.0,-0.714405340136889,0.6997320987234299,11.0
89657.45738033278,43138.961056995526,0.0,0.0,0.0,-0.7118397435558778,0.7023419249157081,11.0
89657.45066451798,43138.46110252447,0.0,0.0,0.0,-0.7108498281271615,0.7033438148242899,11.0
89657.44535703993,43137.96113070438,0.0,0.0,0.0,-0.7112520659969882,0.7029370516732035,11.0
89657.43947754033,43137.46116542588,0.0,0.0,0.0,-0.7128875132599073,0.7012783993808062,11.0
89657.43126894491,43136.96123349022,0.0,0.0,0.0,-0.7156161256890416,0.6984937799678719,11.0
89657.41916254086,43136.46138153458,0.0,0.0,0.0,-0.71931274922371,0.6946863816170776,11.0
89657.4017517937,43135.9616871756,0.0,0.0,0.0,-0.723864681202668,0.6899419709710084,11.0
89657.37777188391,43135.46226602674,0.0,0.0,0.0,-0.7291698434301692,0.6843327695149652,11.0
89657.34608351476,43134.96327579715,0.0,0.0,0.0,-0.7351355259146952,0.6779201712134878,11.0
89657.3056597381,43134.46491832574,0.0,0.0,0.0,-0.7416775876173166,0.6707565549632427,11.0
89657.25557478642,43133.96744009863,0.0,0.0,0.0,-0.7487197799806946,0.6628866351539004,11.0
89657.19499445388,43133.47113176214,0.0,0.0,0.0,-0.7561931736874077,0.6543484423979063,11.0
89657.12316765678,43132.976327022065,0.0,0.0,0.0,-0.7640356628285815,0.6451740121285808,11.0
89657.03941888569,43132.483401209116,0.0,0.0,0.0,-0.7721915087842708,0.635389859662138,11.0
89656.94314134918,43131.99276971363,0.0,0.0,0.0,-0.7806108310298332,0.6250173841413639,11.0
89656.83379079882,43131.504886505885,0.0,0.0,0.0,-0.7892490923053778,0.6140731799184339,11.0
89656.71087998115,43131.020242865576,0.0,0.0,0.0,-0.7980665617805768,0.602569301381782,11.0
89656.57397371707,43130.53936640976,0.0,0.0,0.0,-0.8070277693798734,0.5905134879490441,11.0
89656.42268460151,43130.062820447056,0.0,0.0,0.0,-0.8161009183429214,0.577909414250919,11.0
89656.25666940326,43129.5912036981,0.0,0.0,0.0,-0.8252572819767591,0.5647569552863709,11.0
89656.07562621482,43129.12515036554,0.0,0.0,0.0,-0.834470584460989,0.5510524872181736,11.0
89655.87929241886,43128.665330512675,0.0,0.0,0.0,-0.8437163754382224,0.5367892303478047,11.0
89655.6674435182,43128.21245065199,0.0,0.0,0.0,-0.8529713888585652,0.5219576704951183,11.0
89655.4398929096,43127.76725443901,0.0,0.0,0.0,-0.862212892489136,0.5065460769027016,11.0
89655.19649268212,43127.33052333905,0.0,0.0,0.0,-0.8714180366039253,0.490541135361103,11.0
89654.9371355099,43126.90307708955,0.0,0.0,0.0,-0.8805632156731273,0.47392871109841145,11.0
89654.66175765854,43126.48577369902,0.0,0.0,0.0,-0.8896234503486298,0.456694773990024,11.0
89654.37034312724,43126.07950872102,0.0,0.0,0.0,-0.8985718004213807,0.4388265255057838,11.0
89654.06292894845,43125.68521351491,0.0,0.0,0.0,-0.9073788441678576,0.42031373182017584,11.0
89653.73961156738,43125.30385212096,0.0,0.0,0.0,-0.9160122768800361,0.40115023196435035,11.0
89653.40055406185,43124.936416325945,0.0,0.0,0.0,-0.9244366328753991,0.38133569436651826,11.0
89653.0459940548,43124.58391858755,0.0,0.0,0.0,-0.9326132051700279,0.3608775547779157,11.0
89652.6762519295,43124.24738241065,0.0,0.0,0.0,-0.9405002652714369,0.33979295317054,11.0
89652.29173866019,43123.92782988523,0.0,0.0,0.0,-0.9480535287461315,0.3181108401673985,11.0
89651.89296285667,43123.62626623284,0.0,0.0,0.0,-0.9552270516461356,0.2958737565304347,11.0
89651.48053596735,43123.34366142801,0.0,0.0,0.0,-0.9619744753874312,0.2731393576602913,11.0
89651.05517490079,43123.08092923019,0.0,0.0,0.0,-0.9682506400663901,0.24998139532978447,11.0
89650.61770120001,43122.83890427993,0.0,0.0,0.0,-0.9740135513394464,0.22648973885613355,11.0
89650.16903586904,43122.61831842911,0.0,0.0,0.0,-0.9792264643349698,0.20276965144230516,11.0
89649.7101895527,43122.419777528514,0.0,0.0,0.0,-0.9838600567459149,0.17893962316917136,11.0
89649.24224772603,43122.24374057124,0.0,0.0,0.0,-0.987894325225066,0.15512834102159245,11.0
89648.76635145037,43122.09050269634,0.0,0.0,0.0,-0.9913200960243009,0.13147040434398463,11.0
89648.2836744568,43121.960183847754,0.0,0.0,0.0,-0.9941398828678011,0.10810131031395831,11.0
89647.7953980096,43121.85272431186,0.0,0.0,0.0,-0.9963679602377083,0.08515214508013483,11.0
89647.30268519995,43121.76788769342,0.0,0.0,0.0,-0.9980296554285083,0.06274397887648689,11.0
89646.8066565708,43121.705271704974,0.0,0.0,0.0,-0.9991598394319449,0.04098310952490242,11.0
89646.30836869331,43121.66432569907,0.0,0.0,0.0,-0.9998008446571771,0.019956728759876162,11.0
89645.80879720656,43121.644374152595,0.0,0.0,0.0,0.9999999635349955,0.0002700555638664101,11.0
89645.30882516119,43121.64464419309,0.0,0.0,0.0,0.999806800811354,0.019656069072059038,11.0
89644.80923701434,43121.664295461895,0.0,0.0,0.0,0.9992706996705701,0.038184666816528004,11.0
89644.31071827537,43121.70245050556,0.0,0.0,0.0,0.9984384443565797,0.05586298265231685,11.0
89643.81385996511,43121.758223895864,0.0,0.0,0.0,0.9973523909911418,0.07272006727343347,11.0
89643.31916720352,43121.830748638895,0.0,0.0,0.0,0.9960491340136635,0.0888038435577602,11.0
89642.82707058395,43121.919198528434,0.0,0.0,0.0,0.9945587656079539,0.10417706922534825,11.0
89642.33793914613,43122.02280542017,0.0,0.0,0.0,0.9929047625246206,0.11891228933935691,11.0
89641.85209364603,43122.14087050718,0.0,0.0,0.0,0.9911044728105239,0.13308615245386493,11.0
89641.36981879415,43122.27276917144,0.0,0.0,0.0,0.9891701808508893,0.1467731355371924,11.0
89640.89137340212,43122.4179490619,0.0,0.0,0.0,0.9871106195389957,0.16003944761632982,11.0
89640.41699744327,43122.5759218984,0.0,0.0,0.0,0.9849328048931119,0.17293747380306915,11.0
89639.94691548123,43122.7462498241,0.0,0.0,0.0,0.9826439595399206,0.1855016139544534,11.0
89639.48133630771,43122.92852795818,0.0,0.0,0.0,0.9802532703722746,0.19774611481508358,11.0
89639.02044913535,43123.12236532187,0.0,0.0,0.0,0.9777732299910331,0.20966523486954686,11.0
89638.56441725924,43123.32736650388,0.0,0.0,0.0,0.9752203384199771,0.22123582786706444,11.0
89638.11337044787,43123.54311640537,0.0,0.0,0.0,0.9726150749813312,0.23242184905696725,11.0
89637.6673975129,43123.769169775805,0.0,0.0,0.0,0.9699811705421095,0.24318003370704389,11.0
89637.22654041786,43124.00504641804,0.0,0.0,0.0,0.9673443485528944,0.2534657991184931,11.0
89636.79079092259,43124.250231979095,0.0,0.0,0.0,0.9647307898257566,0.2632384910345977,11.0
89636.36009024456,43124.50418341518,0.0,0.0,0.0,0.9621655922326413,0.272465361328024,11.0
89635.93433169201,43124.76633770222,0.0,0.0,0.0,0.9596714605975338,0.2811239721450236,11.0
89635.51336577743,43125.03612217769,0.0,0.0,0.0,0.9572677728215259,0.2892030620814994,11.0
89635.09700695831,43125.312965107165,0.0,0.0,0.0,0.9549700269665612,0.29670228781639907,11.0
89634.68504142179,43125.59630537493,0.0,0.0,0.0,0.9527897314845686,0.3036309068220225,11.0
89634.27723489722,43125.885600545196,0.0,0.0,0.0,0.9507345428215437,0.3100061758834982,11.0
89633.87334007329,43126.18033314217,0.0,0.0,0.0,0.9488086659084894,0.3158514136377302,11.0
89633.47310319188,43126.48001494949,0.0,0.0,0.0,0.9470133750770293,0.32119412732055636,11.0
89633.07626960996,43126.78418950868,0.0,0.0,0.0,0.9453474775450402,0.32606463576909056,11.0
89632.68258828897,43127.09243347283,0.0,0.0,0.0,0.9438079359999227,0.33049444767433805,11.0
89632.29181522471,43127.40435647134,0.0,0.0,0.0,0.9423903150665157,0.334515312159,11.0
89631.90371594136,43127.71960028097,0.0,0.0,0.0,0.9410892019835684,0.33815841540604963,11.0
89631.51806718245,43128.03783740932,0.0,0.0,0.0,0.9398985155460711,0.34145392145103853,11.0
89631.13465801282,43128.35876940146,0.0,0.0,0.0,0.9388119314715134,0.3444301922403529,11.0
89630.75329018846,43128.682124559964,0.0,0.0,0.0,0.9378225761571259,0.3471149890886473,11.0
89630.37377888817,43129.0076569327,0.0,0.0,0.0,0.9378225761571259,0.3471149890886473,11.0
