x,y,z,x_quat,y_quat,z_quat,w_quat,speed
89669.8263482649,43133.249359249,0.0,0.0,0.0,0.890874,0.454251,10.1
89669.57757156088,43132.8156473959,0.0,0.0,0.0,-0.861718381414968,0.5073868653518414,10.1
89669.33501410772,43132.37842481868,0.0,0.0,0.0,-0.859058978583755,0.5118766172766983,10.1
89669.09703233265,43131.93869363761,0.0,0.0,0.0,-0.8572186699679641,0.5149525724359036,10.1
89668.86220871641,43131.49726711431,0.0,0.0,0.0,-0.8561031449198191,0.5168049973233572,10.1
89668.629296186,43131.054828853,0.0,0.0,0.0,-0.855639583210409,0.5175721240981952,10.1
89668.39717709181,43130.61197366059,0.0,0.0,0.0,-0.8557712233684276,0.5173544367786023,10.1
89668.16483272311,43130.16923665569,0.0,0.0,0.0,-0.856453266335488,0.5162245660400846,10.1
89667.9313206229,43129.72711462399,0.0,0.0,0.0,-0.8576497006689034,0.5142343735521191,10.1
89667.69575784662,43129.28608210327,0.0,0.0,0.0,-0.8593307576559462,0.5114202273536483,10.1
89667.45730891847,43128.84660375125,0.0,0.0,0.0,-0.8614707899315623,0.5078071268648068,10.1
89667.21517766539,43128.40914395291,0.0,0.0,0.0,-0.8640464345399317,0.5034121164203654,10.1
89666.96860239797,43127.974174226125,0.0,0.0,0.0,-0.8670349699102957,0.49824728895665105,10.1
89666.7168540997,43127.54217870367,0.0,0.0,0.0,-0.8704128164378047,0.4923225862996827,10.1
89666.45923740212,43127.11365776468,0.0,0.0,0.0,-0.874154169769631,0.48564852256994157,10.1
89666.19509416513,43126.68912974086,0.0,0.0,0.0,-0.878229793503898,0.4782388836158147,10.1
89665.9238094424,43126.269130513276,0.0,0.0,0.0,-0.8826060296026363,0.4701133868643501,10.1
89665.64481952108,43125.854210782185,0.0,0.0,0.0,-0.8872441100964478,0.4613002158022068,10.1
89665.35762157515,43125.44493081814,0.0,0.0,0.0,-0.8920998535790872,0.4518383020995136,10.1
89665.06178431484,43125.041852595496,0.0,0.0,0.0,-0.8971239301209436,0.44177896509946263,10.1
89664.7569585913,43124.6455294242,0.0,0.0,0.0,-0.9022626568577259,0.43118684817609826,10.1
89664.44288702658,43124.25649348281,0.0,0.0,0.0,-0.9074594357550806,0.4201397058825442,10.1
89664.1194114027,43123.87524199695,0.0,0.0,0.0,-0.9126567803149241,0.40872680526874694,10.1
89663.78647658796,43123.50222320382,0.0,0.0,0.0,-0.9177987062598533,0.3970460109203208,10.1
89663.44413017388,43123.13782345844,0.0,0.0,0.0,-0.9228333379461484,0.38519946829554413,10.1
89663.09251718792,43122.78235702288,0.0,0.0,0.0,-0.927715415654955,0.37328823656278565,10.1
89662.73186986786,43122.43606000262,0.0,0.0,0.0,-0.932408355301742,0.3614065009978383,10.1
89662.36249314972,43122.09908942782,0.0,0.0,0.0,-0.9368857329224558,0.34963570104660757,10.1
89661.9847468252,43121.771528143654,0.0,0.0,0.0,-0.941131971513188,0.3380393648611061,10.1
89661.59902582681,43121.45339540913,0.0,0.0,0.0,-0.9451422446064506,0.3266590538470964,10.1
89661.20574013596,43121.14466255261,0.0,0.0,0.0,-0.9489216937375078,0.31551167831688803,10.1
89660.80529569322,43120.8452726113,0.0,0.0,0.0,-0.952484111176079,0.30458827613208406,10.1
89660.39807743879,43120.55516262313,0.0,0.0,0.0,-0.9558502759535534,0.29385413041084807,10.1
89659.98443526597,43120.27428721665,0.0,0.0,0.0,-0.9590461165159385,0.28324997157227894,10.1
89659.5646733338,43120.00264229884,0.0,0.0,0.0,-0.962100830086622,0.27269395436392235,10.1
89659.13904291923,43119.74028789903,0.0,0.0,0.0,-0.9650450314353594,0.26208412256740427,10.1
89658.70773882969,43119.48736950626,0.0,0.0,0.0,-0.9679089505662893,0.2513011408920867,10.1
89658.27089934026,43119.24413747472,0.0,0.0,0.0,-0.9707206543829918,0.2402111803273447,10.1
89657.82860965477,43119.01096421437,0.0,0.0,0.0,-0.9735042392307053,0.22866896641181045,10.1
89657.38090898751,43118.78835889711,0.0,0.0,0.0,-0.9762779311414347,0.21652113330157888,10.1
89656.92780148679,43118.57697927043,0.0,0.0,0.0,-0.9790520436974378,0.20361015625913712,10.1
89656.46927132767,43118.3776398716,0.0,0.0,0.0,-0.9818267835194388,0.18977925904553708,10.1
89656.00530233151,43118.19131547034,0.0,0.0,0.0,-0.9845899730484327,0.1748787722180331,10.1
89655.53590234117,43118.01913797615,0.0,0.0,0.0,-0.9873148845314778,0.15877442735716235,10.1
89655.06113219933,43117.86238440217,0.0,0.0,0.0,-0.989958550247338,0.14135794562807116,10.1
89654.58113843568,43117.72245294076,0.0,0.0,0.0,-0.9924611148460294,0.12255992623437932,10.1
89654.0961875996,43117.600824059606,0.0,0.0,0.0,-0.9947469674174021,0.1023644020833511,10.1
89653.60669863092,43117.49900415406,0.0,0.0,0.0,-0.996728433904383,0.08082344366899884,10.1
89653.113267951,43117.41845115212,0.0,0.0,0.0,-0.9983125675305972,0.058069075336765155,10.1
89652.61668080885,43117.3604848317,0.0,0.0,0.0,-0.9994109300722733,0.03431898675767677,10.1
89652.11790257758,43117.32618908498,0.0,0.0,0.0,-0.9999512653602174,0.009872532831049085,10.1
89651.61804593781,43117.316317939585,0.0,0.0,0.0,0.9998889113939601,0.014905196120863403,10.1
89651.11831439333,43117.331220099506,0.0,0.0,0.0,0.9992152018497583,0.03961035713480299,10.1
89650.61992843624,43117.370795792194,0.0,0.0,0.0,0.9979605096509142,0.0638343260110707,10.1
89650.12404559279,43117.43449449052,0.0,0.0,0.0,0.9961909796656319,0.08719823411531083,10.1
89649.63168755415,43117.52135380528,0.0,0.0,0.0,0.9939998545324691,0.10938139325054463,10.1
89649.14368561971,43117.630071369524,0.0,0.0,0.0,0.9914957543190013,0.13013903783029365,10.1
89648.66065061362,43117.75909597356,0.0,0.0,0.0,0.9887907157124404,0.14930813949976074,10.1
89648.18296749132,43117.906723071756,0.0,0.0,0.0,0.9859902334839532,0.16680305595000205,10.1
89647.71081019596,43118.071182482796,0.0,0.0,0.0,0.9831864640126959,0.1826044276084555,10.1
89647.24417002893,43118.25071073798,0.0,0.0,0.0,0.9804547052246823,0.1967449389508699,10.1
89646.78289067736,43118.44360518865,0.0,0.0,0.0,0.9778525553682524,0.2092949592316517,10.1
89646.32670432002,43118.64826064391,0.0,0.0,0.0,0.9754209539668983,0.2203496370823107,10.1
89645.87526529633,43118.86319095787,0.0,0.0,0.0,0.9731862255958614,0.23001863035519762,10.1
89645.42817908524,43119.0870393077,0.0,0.0,0.0,0.9711626139643531,0.23841807238111146,10.1
89644.98502609816,43119.318580022,0.0,0.0,0.0,0.9693547613338698,0.24566511083048873,10.1
89644.54538022447,43119.556715161285,0.0,0.0,0.0,0.9677600170364381,0.25187407454049926,10.1
89644.10882275447,43119.8004677141,0.0,0.0,0.0,0.9663704203559274,0.25715406016842945,10.1
89643.67495235303,43120.04897299638,0.0,0.0,0.0,0.9651743233882196,0.26160757915643906,10.1
89643.24339183353,43120.30146935582,0.0,0.0,0.0,0.9641577008260976,0.26532984743095356,10.1
89642.8137924049,43120.55728878833,0.0,0.0,0.0,0.9633051745695966,0.2684085331121927,10.1
89642.38583596837,43120.81584786172,0.0,0.0,0.0,0.962600799183651,0.2709237926262591,10.1
89641.95923593991,43121.07663915588,0.0,0.0,0.0,0.9620286507224219,0.2729484844969767,10.1
89641.53373698285,43121.339223314615,0.0,0.0,0.0,0.9615732379366599,0.27454855323604893,10.1
89641.10911399062,43121.60322179394,0.0,0.0,0.0,0.9612198204223589,0.2757833512509559,10.1
89640.68517050397,43121.86831018196,0.0,0.0,0.0,0.9609545778849533,0.2767061604698226,10.1
89640.2617367807,43122.134212247736,0.0,0.0,0.0,0.9607645969072128,0.2773650831119894,10.1
89639.83866784349,43122.40069500569,0.0,0.0,0.0,0.9606419450336396,0.27778958483353117,10.1
89639.41583787189,43122.66754945523,0.0,0.0,0.0,0.9605808627804218,0.2780007303228188,10.1
89638.99313709453,43122.93458227654,0.0,0.0,0.0,0.9602023031930299,0.2793054545525394,10.1
89638.57080428848,43123.20299086038,0.0,0.0,0.0,0.9584929222875469,0.2851163234974079,10.1
89638.15025858588,43123.477471821505,0.0,0.0,0.0,0.9564786481575142,0.2918023228467762,10.1
89637.73236900126,43123.758618532105,0.0,0.0,0.0,0.9542244222196326,0.29909154458059883,10.1
89637.31795393217,43124.04670988988,0.0,0.0,0.0,0.9517113675018607,0.30699425559403903,10.1
89636.9078317762,43124.34202479253,0.0,0.0,0.0,0.9489183557746382,0.31552171727783995,10.1
89636.50282093094,43124.64484213776,0.0,0.0,0.0,0.9458219617518472,0.32468571983979727,10.1
89636.10373979395,43124.95544082325,0.0,0.0,0.0,0.9423964431544022,0.33449804772215286,10.1
89635.71140676287,43125.27409974672,0.0,0.0,0.0,0.9386137620376901,0.3449698620364604,10.1
89635.32664023525,43125.601097805855,0.0,0.0,0.0,0.9344436654639356,0.35611098842120037,10.1
89634.95025860867,43125.93671389836,0.0,0.0,0.0,0.9298538472210092,0.36792910024662107,10.1
89634.58308028075,43126.28122692192,0.0,0.0,0.0,0.9248102147793787,0.3804287931265447,10.1
89634.22592364905,43126.63491577425,0.0,0.0,0.0,0.919277288246253,0.3936105528496607,10.1
89633.87960711117,43126.99805935304,0.0,0.0,0.0,0.9132187586648204,0.40746962932552966,10.1
89633.54494906469,43127.370936556,0.0,0.0,0.0,0.9065982315164489,0.4219948419249308,10.1
89633.2227679072,43127.753826280794,0.0,0.0,0.0,0.8993801760898591,0.4371673579495318,10.1
89632.91388203629,43128.14700742516,0.0,0.0,0.0,0.8915378078584582,0.4529462850702442,10.1
89632.61909785026,43128.550750181,0.0,0.0,0.0,0.8876792061294491,0.4604624056374104,10.1
89632.33112324968,43128.95949340671,0.0,0.0,0.0,0.8876907492678346,0.4604401520983051,10.1
89632.04312838326,43129.36822187044,0.0,0.0,0.0,0.8876907536121359,0.46044014372284936,10.1
89631.75513350921,43129.77695032861,0.0,0.0,0.0,0.8876907536324269,0.4604401436837301,10.1
89631.46713863513,43130.185678786765,0.0,0.0,0.0,0.8876907536195427,0.4604401437085695,10.1
89631.17914376107,43130.59440724493,0.0,0.0,0.0,0.8876907536230904,0.4604401437017301,10.1
89630.89114888699,43131.0031357031,0.0,0.0,0.0,0.8876907536195427,0.4604401437085695,10.1
89630.60315401293,43131.41186416126,0.0,0.0,0.0,0.8876907536343566,0.4604401436800099,10.1
89630.31515913885,43131.820592619406,0.0,0.0,0.0,0.8876907536176132,0.4604401437122897,10.1
89630.02716426479,43132.229321077575,0.0,0.0,0.0,0.8876907536195427,0.4604401437085695,10.1
89629.73916939073,43132.63804953574,0.0,0.0,0.0,0.8876907536269496,0.4604401436942897,10.1
89629.45117451665,43133.04677799389,0.0,0.0,0.0,0.8876907536304972,0.4604401436874503,10.1
89629.16317964256,43133.455506452054,0.0,0.0,0.0,0.8876907536121359,0.46044014372284936,10.1
89628.87518476852,43133.86423491022,0.0,0.0,0.0,0.8876907536269496,0.4604401436942897,10.1
89628.58718989445,43134.27296336838,0.0,0.0,0.0,0.8876907536269496,0.4604401436942897,10.1
89628.29919502037,43134.68169182653,0.0,0.0,0.0,0.8876907536195427,0.4604401437085695,10.1
89628.01120014631,43135.090420284694,0.0,0.0,0.0,0.88769075362502,0.4604401436980099,10.1
89627.72320527224,43135.499148742856,0.0,0.0,0.0,0.88769075362502,0.4604401436980099,10.1
89627.43521039817,43135.90787720102,0.0,0.0,0.0,0.8876907536195427,0.4604401437085695,10.1
89627.1472155241,43136.31660565918,0.0,0.0,0.0,0.88769075362502,0.4604401436980099,10.1
89626.85922065003,43136.72533411734,0.0,0.0,0.0,0.8876907536269496,0.4604401436942897,10.1
89626.57122577596,43137.1340625755,0.0,0.0,0.0,0.8876907536121359,0.46044014372284936,10.1
89626.28323090191,43137.542791033666,0.0,0.0,0.0,0.88769075362502,0.4604401436980099,10.1
89625.99523602784,43137.95151949183,0.0,0.0,0.0,0.8876907536269496,0.4604401436942897,10.1
89625.70724115377,43138.36024794998,0.0,0.0,0.0,0.8876907536176132,0.4604401437122897,10.1
89625.41924627971,43138.76897640815,0.0,0.0,0.0,0.8876907536269496,0.4604401436942897,10.1
89625.13125140563,43139.177704866306,0.0,0.0,0.0,0.8876907536214724,0.4604401437048493,10.1
89624.84325653157,43139.58643332446,0.0,0.0,0.0,0.8876907536304972,0.4604401436874503,10.1
89624.55526165749,43139.99516178262,0.0,0.0,0.0,0.8876907536176132,0.4604401437122897,10.1
89624.26726678343,43140.40389024079,0.0,0.0,0.0,0.8876907536343566,0.4604401436800099,10.1
89623.97927190934,43140.81261869894,0.0,0.0,0.0,0.8876907536121359,0.46044014372284936,10.1
89623.6912770353,43141.22134715711,0.0,0.0,0.0,0.88769075362502,0.4604401436980099,10.1
89623.40328216122,43141.63007561527,0.0,0.0,0.0,0.8876907537280924,0.46044014349929496,10.1
89623.11528728691,43142.038804073374,0.0,0.0,0.0,0.887690833180589,0.46043999032137933,10.1
89622.82729222666,43142.44753249579,0.0,0.0,0.0,0.8879893295643596,0.4598640566296078,10.1
89622.53859563859,43142.85612965268,0.0,0.0,0.0,0.8890066298103589,0.4578943242203678,10.1
89622.24747361832,43143.26430731318,0.0,0.0,0.0,0.8898795962380585,0.4561954670962766,10.1
89621.9542067939,43143.6721872458,0.0,0.0,0.0,0.8905658540514457,0.454854327887093,10.1
89621.65918366768,43144.079912338726,0.0,0.0,0.0,0.8910684475313859,0.4538689478406798,10.1
89621.36279274205,43144.48762548012,0.0,0.0,0.0,0.8913897443414989,0.4532376017971118,10.1
89621.06542251934,43144.89546955816,0.0,0.0,0.0,0.8915314410115946,0.452958816767915,10.1
89620.76746150194,43145.303587461036,0.0,0.0,0.0,0.8914945689019999,0.4530313825975387,10.1
89620.4692981922,43145.7121220769,0.0,0.0,0.0,0.8912795003307303,0.4534543552444982,10.1
89620.17132109251,43146.12121629393,0.0,0.0,0.0,0.8908859548339492,0.4542270527826395,10.1
89619.87391870524,43146.53101300028,0.0,0.0,0.0,0.8903130055161905,0.45534904437006096,10.1
89619.57747953275,43146.94165508416,0.0,0.0,0.0,0.8895590856775004,0.4568201320964405,10.1
89619.2823920774,43147.35328543372,0.0,0.0,0.0,0.8886219959219234,0.4586403257060343,10.1
89618.98904484157,43147.76604693714,0.0,0.0,0.0,0.8874989121745929,0.4608098098878911,10.1
89618.69782632761,43148.18008248259,0.0,0.0,0.0,0.8861863949004753,0.46332890422819367,10.1
89618.40912503791,43148.595534958244,0.0,0.0,0.0,0.8846804003721773,0.46619801500791913,10.1
89618.12332947482,43149.01254725227,0.0,0.0,0.0,0.8829762943858703,0.46941757908348175,10.1
89617.84082814075,43149.43126225285,0.0,0.0,0.0,0.881068869584435,0.472987998842683,10.1
89617.562009538,43149.85182284814,0.0,0.0,0.0,0.8789523669002358,0.47690956870299145,10.1
89617.28726216897,43150.27437192634,0.0,0.0,0.0,0.8766205027224103,0.4811823918294483,10.1
89617.01697453606,43150.6990523756,0.0,0.0,0.0,0.8740665025231756,0.4858062876979913,10.1
89616.75153514158,43151.12600708411,0.0,0.0,0.0,0.8712831423672622,0.49078069015256603,10.1
89616.49133248795,43151.55537894002,0.0,0.0,0.0,0.8682627999344116,0.4961045356072206,10.1
89616.23675507752,43151.98731083152,0.0,0.0,0.0,0.864997516108875,0.5017761424434969,10.1
89615.98819141263,43152.42194564678,0.0,0.0,0.0,0.8614790687688015,0.5077930819470058,10.1
89615.74602999569,43152.859426273986,0.0,0.0,0.0,0.8576990604371532,0.5141520414480766,10.1
89615.51065932901,43153.29989560128,0.0,0.0,0.0,0.853649020488614,0.5208486822665771,10.1
89615.28246791505,43153.74349651686,0.0,0.0,0.0,0.8493205238759325,0.5278774931014881,10.1
89615.06184425611,43154.19037190889,0.0,0.0,0.0,0.8447053261988475,0.535231643208152,10.1
89614.84917685455,43154.640664665545,0.0,0.0,0.0,0.839795516300705,0.5429028373486662,10.1
89614.64485421278,43155.09451767499,0.0,0.0,0.0,0.8345836857468142,0.5508811772835073,10.1
89614.44926483315,43155.552073825405,0.0,0.0,0.0,0.8290631142473842,0.5591550344890304,10.1
89614.26279721802,43156.01347600498,0.0,0.0,0.0,0.8232279692724466,0.5677109393058792,10.1
89614.08583986977,43156.47886710186,0.0,0.0,0.0,0.8170735171002195,0.5765334922218113,10.1
89613.91878129076,43156.948390004225,0.0,0.0,0.0,0.8105963411262991,0.585605303726543,10.1
89613.76200998336,43157.42218760025,0.0,0.0,0.0,0.8031375554931138,0.5957936446090588,10.1
89613.61701737558,43157.900568702506,0.0,0.0,0.0,0.7910126234898426,0.6117998279500546,10.1
89613.49132498752,43158.38447704748,0.0,0.0,0.0,0.777160897887183,0.6293019456470696,10.1
89613.38735381966,43158.873508786004,0.0,0.0,0.0,0.7619588576199835,0.6476254313215701,10.1
89613.30677957396,43159.36692951637,0.0,0.0,0.0,0.7452651781599953,0.6667681862702738,10.1
89613.25136499011,43159.86379839846,0.0,0.0,0.0,0.7269009354328702,0.6867423316403456,10.1
89613.22298334035,43160.36293365124,0.0,0.0,0.0,0.7066489217094261,0.7075643443863643,10.1
89613.22363055381,43160.86286526444,0.0,0.0,0.0,0.6842377169463287,0.7292590395107048,10.1
89613.25544424017,43161.3617724476,0.0,0.0,0.0,0.6593183387681566,0.7518639026871806,10.1
89613.32073130389,43161.85739700173,0.0,0.0,0.0,0.6314302360620412,0.7754326901715164,10.1
89613.42200438034,43162.34691853453,0.0,0.0,0.0,0.5999527702778593,0.8000354201133361,10.1
89613.56202266633,43162.82677044485,0.0,0.0,0.0,0.5640378425156576,0.8257489401811439,10.1
89613.74382185124,43163.29236498518,0.0,0.0,0.0,0.5225232418913327,0.8526250416703534,10.1
89613.97069207316,43163.737686589186,0.0,0.0,0.0,0.47384130291134857,0.8806102541165846,10.1
89614.24600801407,43164.154716046774,0.0,0.0,0.0,0.4159854666814399,0.9093712616472024,10.1
89614.57271085883,43164.53270827125,0.0,0.0,0.0,0.34671734392298115,0.9379696601825632,10.1
89614.9520995764,43164.85757750122,0.0,0.0,0.0,0.2643914758509961,0.9644154434149902,10.1
89615.38160411874,43165.11220939749,0.0,0.0,0.0,0.16974899805479657,0.9854873300349389,10.1
89615.85200795575,43165.27921744853,0.0,0.0,0.0,0.06790756339285134,0.9976916171012192,10.1
89616.346542969,43165.346851521295,0.0,0.0,0.0,-0.03216637724958309,0.9994825281987862,10.1
89616.84475842134,43165.31475010558,0.0,0.0,0.0,-0.12189690884477238,0.9925427666423695,10.1
89617.32935291783,43165.193898537116,0.0,0.0,0.0,-0.1969939219414147,0.9804047096572618,10.1
89617.79019265775,43165.00091286815,0.0,0.0,0.0,-0.25746376662822695,0.9662879533936072,10.1
89618.22368863666,43164.75225287959,0.0,0.0,0.0,-0.3054556482045142,0.9522063048415297,10.1
89618.63025483952,43164.461489518086,0.0,0.0,0.0,-0.343530922267399,0.9391413660605683,10.1
89619.01216185436,43164.13893255587,0.0,0.0,0.0,-0.3739178862557019,0.9274618128732136,10.1
89619.37229812323,43163.79218531358,0.0,0.0,0.0,-0.39834849365600106,0.9172341454623214,10.1
89619.71358571657,43163.42683953477,0.0,0.0,0.0,-0.41811075952674226,0.9083960550156361,10.1
89620.03874945105,43163.04705233089,0.0,0.0,0.0,-0.4341480989100648,0.9008415111509774,10.1
89620.35025229875,43162.65596949587,0.0,0.0,0.0,-0.4471492776614803,0.8944593470285926,10.1
89620.65030180127,43162.25602333637,0.0,0.0,0.0,-0.4576175212993297,0.8891491462065616,10.1
89620.94088298095,43161.849140143546,0.0,0.0,0.0,-0.4659202962708559,0.8848266934958946,10.1
89621.22379822782,43161.43688584454,0.0,0.0,0.0,-0.47232459839967106,0.8814246841032928,10.1
89621.50070599867,43161.02056984481,0.0,0.0,0.0,-0.4770219907836296,0.8788913586495334,10.1
89621.77315518216,43160.60132062693,0.0,0.0,0.0,-0.4801467676597007,0.8771881676732429,10.1
89622.04261395455,43160.18014204677,0.0,0.0,0.0,-0.48178981440620355,0.8762868107728404,10.1
89622.31049248148,43159.75795606217,0.0,0.0,0.0,-0.4820102010568943,0.8761656042536093,10.1
89622.57815863389,43159.33563532468,0.0,0.0,0.0,-0.4808462913557917,0.8768049065153439,10.1
89622.84694529008,43158.91402723187,0.0,0.0,0.0,-0.47832807524954507,0.8781812184441578,10.1
89623.11814698203,43158.493969368035,0.0,0.0,0.0,-0.47449242577737605,0.8802595855086733,10.1
89623.39300280255,43158.07629455995,0.0,0.0,0.0,-0.4694027897149122,0.882984156713957,10.1
89623.67266200023,43157.6618220358,0.0,0.0,0.0,-0.4631740654357196,0.8862673327544843,10.1
89623.95812918367,43157.25132973334,0.0,0.0,0.0,-0.45600153875887145,0.8899789866336966,10.1
89624.2501884624,43156.84550255633,0.0,0.0,0.0,-0.4481892424428267,0.8939387020140279,10.1
89624.54931108364,43156.44485391198,0.0,0.0,0.0,-0.44016833431012276,0.8979152729910835,10.1
89624.85555912841,43156.04962493659,0.0,0.0,0.0,-0.43247649872108895,0.9016452063056444,10.1
89625.16852000984,43155.659688557535,0.0,0.0,0.0,-0.4300303524370785,0.9028144305353355,10.1
89625.4835543552,43155.27149968451,0.0,0.0,0.0,-0.43430412177276434,0.9007663014407166,10.1
89625.79481990075,43154.880436875304,0.0,0.0,0.0,-0.43838904866897194,0.8987853147482516,10.1
89626.10247726832,43154.48662106687,0.0,0.0,0.0,-0.4422323396477821,0.8969005283584399,10.1
89626.40673336975,43154.09020994457,0.0,0.0,0.0,-0.44583473702256954,0.8951152927215669,10.1
89626.70779511698,43153.691361193756,0.0,0.0,0.0,-0.4491971179992591,0.8934326774755665,10.1
89627.0058694219,43153.290232499785,0.0,0.0,0.0,-0.45232045949767413,0.891855482642683,10.1
89627.30116319646,43152.88698154803,0.0,0.0,0.0,-0.4552058058007832,0.8903862500989442,10.1
89627.59388335254,43152.48176602383,0.0,0.0,0.0,-0.4578542383769526,0.8890272753972516,10.1
89627.88423680206,43152.07474361256,0.0,0.0,0.0,-0.46026684846602905,0.8877806194117719,10.1
89628.17243045692,43151.666071999556,0.0,0.0,0.0,-0.4624447120840631,0.8866481197552318,10.1
89628.45867122905,43151.25590887019,0.0,0.0,0.0,-0.4643888675261755,0.8856314017229494,10.1
89628.74316603033,43150.84441190983,0.0,0.0,0.0,-0.46610029524702146,0.8847318886366872,10.1
89629.0261217727,43150.43173880381,0.0,0.0,0.0,-0.4675799002047869,0.8839508113715839,10.1
89629.30774536805,43150.018047237514,0.0,0.0,0.0,-0.4688284964138815,0.8832892170463189,10.1
89629.58824372829,43149.60349489627,0.0,0.0,0.0,-0.46984679372676696,0.8827479767321343,10.1
89629.86782376532,43149.18823946547,0.0,0.0,0.0,-0.4706353869133439,0.8823277920279555,10.1
89630.14669239108,43148.77243863043,0.0,0.0,0.0,-0.47119474668098843,0.8820292005938574,10.1
89630.42505651744,43148.35625007655,0.0,0.0,0.0,-0.4715252128416467,0.8818525804547152,10.1
89630.70312305637,43147.939831489166,0.0,0.0,0.0,-0.47162698960556765,0.8817981530234625,10.1
89630.98109891973,43147.523340553635,0.0,0.0,0.0,-0.4715001425291507,0.8818659850538463,10.1
89631.25919101943,43147.10693495532,0.0,0.0,0.0,-0.47114459784010726,0.882055989110716,10.1
89631.53760626739,43146.69077237958,0.0,0.0,0.0,-0.4705601434094578,0.8823679229405784,10.1
89631.81655157555,43146.275010511774,0.0,0.0,0.0,-0.4697464319846726,0.8828013874239604,10.1
89632.09623385577,43145.85980703725,0.0,0.0,0.0,-0.4687029860002353,0.8833558235017547,10.1
89632.37686001997,43145.445319641374,0.0,0.0,0.0,-0.46742920480638694,0.8840305076715785,10.1
89632.6586369801,43145.03170600951,0.0,0.0,0.0,-0.46592437390450897,0.8848245463376857,10.1
89632.94177164801,43144.619123827,0.0,0.0,0.0,-0.4641876759156122,0.8857368692382984,10.1
89633.22647093565,43144.20773077922,0.0,0.0,0.0,-0.4622182043219849,0.8867662214999846,10.1
89633.51294175492,43143.79768455151,0.0,0.0,0.0,-0.46001497885935555,0.8879111550290528,10.1
89633.80139101774,43143.38914282924,0.0,0.0,0.0,-0.45757696374743545,0.8891700187521384,10.1
89634.09202563598,43142.98226329776,0.0,0.0,0.0,-0.4549030877375918,0.8905409483941796,10.1
89634.3850525216,43142.57720364243,0.0,0.0,0.0,-0.4519922671436537,0.8920218553613695,10.1
89634.68067858649,43142.17412154862,0.0,0.0,0.0,-0.4488434309509578,0.8936104153892639,10.1
89634.97911074256,43141.773174701666,0.0,0.0,0.0,-0.44545554854109526,0.8953040568845603,10.1
89635.2805559017,43141.37452078694,0.0,0.0,0.0,-0.4418276600283374,0.8970999491884301,10.1
89635.58522097583,43140.978317489804,0.0,0.0,0.0,-0.4379589089540584,0.8989949911249622,10.1
89635.8933128769,43140.58472249561,0.0,0.0,0.0,-0.4338485776643173,0.9009857999206474,10.1
89636.20503851674,43140.19389348971,0.0,0.0,0.0,-0.4275788551134398,0.9039780543021385,10.1
89636.5222082368,43139.80737963436,0.0,0.0,0.0,-0.41608089589756875,0.909327602170459,10.1
89636.84907459168,43139.42903775146,0.0,0.0,0.0,-0.4015315129825956,0.9158452074897305,10.1
89637.18783071748,43139.06131475329,0.0,0.0,0.0,-0.3837650983573203,0.9234307495869932,10.1
89637.54053066394,43138.706958778246,0.0,0.0,0.0,-0.362622329021599,0.9319361815569515,10.1
89637.90900088847,43138.36904984339,0.0,0.0,0.0,-0.33802821295825186,0.9411359770215199,10.1
89638.29469026497,43138.05095854766,0.0,0.0,0.0,-0.31002868752738033,0.9507272021510955,10.1
89638.6985103027,43137.75625121635,0.0,0.0,0.0,-0.2788163987324131,0.9603444256087958,10.1
89639.12069389502,43137.488540790626,0.0,0.0,0.0,-0.24473164843893688,0.9695908519846712,10.1
89639.56070702185,43137.25130152357,0.0,0.0,0.0,-0.20822723959101136,0.9780804755705471,10.1
89640.0172410322,43137.04768642949,0.0,0.0,0.0,-0.1697965428590259,0.9854791393191045,10.1
89640.48829073808,43136.88039789227,0.0,0.0,0.0,-0.12987822438746957,0.9915299525631881,10.1
89640.97129300277,43136.75165422926,0.0,0.0,0.0,-0.08876006413271924,0.9960530362461406,10.1
89641.46327652634,43136.6632693125,0.0,0.0,0.0,-0.04650201218940616,0.9989181962815256,10.1
89641.96096688058,43136.61683134195,0.0,0.0,0.0,-0.002888033023903151,0.9999958296239304,10.1
89642.46079989217,43136.61394423734,0.0,0.0,0.0,0.04259379971344764,0.9990924723097311,10.1
89642.95881085919,43136.65648445044,0.0,0.0,0.0,0.09074364646183727,0.995874284549415,10.1
89643.4503782556,43136.74681729329,0.0,0.0,0.0,0.14259974612815862,0.9897804364626454,10.1
89643.92981248382,43136.88789173529,0.0,0.0,0.0,0.19929529139385363,0.9799394812069973,10.1
89644.3898201015,43137.083072899535,0.0,0.0,0.0,0.26172412731105466,0.9651427258096426,10.1
89644.82099979985,43137.33548625035,0.0,0.0,0.0,0.32991294286584466,0.9440113612290892,10.1
89645.21180181611,43137.646644818364,0.0,0.0,0.0,0.4022021943600016,0.9155508696145722,10.1
89645.54968419964,43138.014499239194,0.0,0.0,0.0,0.47486143993256824,0.8800605734068354,10.1
89645.82389965784,43138.43196281862,0.0,0.0,0.0,0.5430175385136424,0.839721354299499,10.1
89646.02883682992,43138.88751326743,0.0,0.0,0.0,0.6026699862360612,0.7979905310780484,10.1
89646.16552279367,43139.368076347884,0.0,0.0,0.0,0.6521131347883761,0.7581216653258745,10.1
89646.24023046931,43139.86218770241,0.0,0.0,0.0,0.6917634446445565,0.7221241836786091,10.1
89646.26168573757,43140.36153903083,0.0,0.0,0.0,0.7231296860990969,0.6907122824173765,10.1
89646.23877500836,43140.8608868749,0.0,0.0,0.0,0.7479382302152725,0.6637683359293708,10.1
89646.17937356887,43141.35725971725,0.0,0.0,0.0,0.7677095288543142,0.6407980019524772,10.1
89646.09000604894,43141.8491492024,0.0,0.0,0.0,0.7836461012900007,0.6212075240473042,10.1
89645.97591400651,43142.3359169349,0.0,0.0,0.0,0.7966556076886598,0.6044334890938887,10.1
89645.84126145471,43142.81741506743,0.0,0.0,0.0,0.8074116396802878,0.5899885118447553,10.1
89645.68935403548,43143.29375941612,0.0,0.0,0.0,0.8164130414735354,0.5774683936908853,10.1
89645.52282867143,43143.76519829935,0.0,0.0,0.0,0.8240313342390688,0.5665442261573055,10.1
89645.34380491478,43144.232038367816,0.0,0.0,0.0,0.8305459136762682,0.556950164086207,10.1
89645.15400148732,43144.694603526834,0.0,0.0,0.0,0.8361693119054942,0.5484714047491378,10.1
89644.95482482947,43145.15321281897,0.0,0.0,0.0,0.8410650990918195,0.5409339137913872,10.1
89644.74743629593,43145.60816913888,0.0,0.0,0.0,0.8453606638209022,0.5341959828230491,10.1
89644.53280322684,43146.059754079244,0.0,0.0,0.0,0.8491563949725536,0.5281414743013623,10.1
89644.31173792398,43146.508226192345,0.0,0.0,0.0,0.8525322418941206,0.5226746373519426,10.1
89644.08492774125,43146.95382112807,0.0,0.0,0.0,0.855552531828439,0.5177160083307718,10.1
89643.85295845708,43147.39675274569,0.0,0.0,0.0,0.8582695251083696,0.5131992033024346,10.1
89643.61633257788,43147.83721468194,0.0,0.0,0.0,0.8607260589447031,0.5090684152975115,10.1
89643.3754838049,43148.275382085645,0.0,0.0,0.0,0.862957530779918,0.5052764590501193,10.1
89643.13078858075,43148.711413363315,0.0,0.0,0.0,0.8649934063176995,0.5017832271279136,10.1
89642.88257538475,43149.14545185201,0.0,0.0,0.0,0.8668584331841351,0.49855436696266764,10.1
89642.63113217319,43149.57762733942,0.0,0.0,0.0,0.8685734967160305,0.4955603704923224,10.1
89642.37671253047,43150.008057475505,0.0,0.0,0.0,0.8701563099381314,0.4927758073149032,10.1
89642.11954076092,43150.43684906318,0.0,0.0,0.0,0.8716220773304574,0.49017849229656973,10.1
89641.85981591081,43150.86409913717,0.0,0.0,0.0,0.8729837818751844,0.4877492353483503,10.1
89641.59771539425,43151.28989603818,0.0,0.0,0.0,0.8742527142646707,0.48547110274542193,10.1
89641.33339772579,43151.714320242754,0.0,0.0,0.0,0.8754386011168581,0.4833293449342369,10.1
89641.06700510062,43152.1374452191,0.0,0.0,0.0,0.8765500023540032,0.48131080745522126,10.1
89640.79866529674,43152.559338046965,0.0,0.0,0.0,0.8775941929570269,0.47940424746564836,10.1
89640.52849381155,43152.98006030242,0.0,0.0,0.0,0.8785774984070379,0.4775998108174158,10.1
89640.25659544593,43153.39966866444,0.0,0.0,0.0,0.879512540655246,0.4758757094348842,10.1
89639.98305337064,43153.81820696082,0.0,0.0,0.0,0.880360612994443,0.4743049557911539,10.1
89639.70801792233,43154.23576733319,0.0,0.0,0.0,0.8812739889524921,0.4726057092289118,10.1
89639.43137534727,43154.65226054194,0.0,0.0,0.0,0.8803752460320607,0.47427779430834466,10.1
89639.15627690894,43155.069860450174,0.0,0.0,0.0,0.8788093010208975,0.4771731472318633,10.1
89638.88387168731,43155.48935777616,0.0,0.0,0.0,0.8773633381226675,0.47982660713871395,10.1
89638.61394075873,43155.910596761685,0.0,0.0,0.0,0.8760396066347358,0.4822391601760037,10.1
89638.34626488792,43156.33342143291,0.0,0.0,0.0,0.8748399440225918,0.48441208938521385,10.1
89638.08062483961,43156.757675816,0.0,0.0,0.0,0.8737659684988329,0.48634661743790963,10.1
89637.81680137855,43157.18320393716,0.0,0.0,0.0,0.872819091195882,0.4880438853668743,10.1
89637.5545752694,43157.609849822526,0.0,0.0,0.0,0.8720005271195106,0.48950493429923225,10.1
89637.29372727696,43158.037457498285,0.0,0.0,0.0,0.8713113053658875,0.4907306890154651,10.1
89637.03403816592,43158.46587099061,0.0,0.0,0.0,0.8707522777466551,0.49172194459776963,10.1
89636.775288701,43158.89493432567,0.0,0.0,0.0,0.8703241263739492,0.4924793549494457,10.1
89636.51725964695,43159.32449152964,0.0,0.0,0.0,0.8700273697993601,0.4930034237203707,10.1
89636.2597317685,43159.75438662869,0.0,0.0,0.0,0.8698623677465567,0.4932944974134156,10.1
89636.00248583034,43160.184463649,0.0,0.0,0.0,0.8698293243494831,0.493352760711564,10.1
89635.74530259722,43160.614566616736,0.0,0.0,0.0,0.8699282900540732,0.49317823366770386,10.1
89635.48796283385,43161.04453955807,0.0,0.0,0.0,0.8701591618476229,0.49277077130511965,10.1
89635.230247305,43161.47422649917,0.0,0.0,0.0,0.8705216821944329,0.4921300649517104,10.1
89634.97193677534,43161.90347146623,0.0,0.0,0.0,0.8710154363013978,0.49125564599776933,10.1
89634.71281200963,43162.3321184854,0.0,0.0,0.0,0.8716398480570239,0.49014689153265917,10.1
89634.45265377258,43162.76001158285,0.0,0.0,0.0,0.8723941744366178,0.48880303232391276,10.1
89634.19124282892,43163.18699478477,0.0,0.0,0.0,0.8732774986125887,0.48722316284936623,10.1
89633.9283599434,43163.61291211732,0.0,0.0,0.0,0.8742887216374644,0.48540625378905894,10.1
89633.66378588071,43164.03760760668,0.0,0.0,0.0,0.875426552882804,0.4833511668629042,10.1
89633.3973014056,43164.46092527902,0.0,0.0,0.0,0.8766894993527475,0.4810566720508394,10.1
89633.12868728279,43164.8827091605,0.0,0.0,0.0,0.8780758538834423,0.47852146746709656,10.1
89632.857724277,43165.302803277315,0.0,0.0,0.0,0.8795836824129685,0.4757442018909344,10.1
89632.58419315296,43165.721051655615,0.0,0.0,0.0,0.8812108105084313,0.47272349999029406,10.1
89632.3078746754,43166.13729832159,0.0,0.0,0.0,0.8829548093180296,0.4694579903486168,10.1
89632.02854960904,43166.55138730141,0.0,0.0,0.0,0.8848129810764405,0.4659463365223754,10.1
89631.74599871862,43166.96316262124,0.0,0.0,0.0,0.8867823446362267,0.4621872707479906,10.1
89631.46000276884,43167.37246830725,0.0,0.0,0.0,0.8888596210199357,0.4581796308439478,10.1
89631.17034252443,43167.77914838562,0.0,0.0,0.0,0.8910412195599385,0.4539223998054485,10.1
89630.87679875016,43168.18304688252,0.0,0.0,0.0,0.8933232249248243,0.4494147481001395,10.1
89630.57915221072,43168.58400782412,0.0,0.0,0.0,0.8957013852273578,0.4446560788989536,10.1
89630.27718367083,43168.98187523661,0.0,0.0,0.0,0.8981711019795575,0.43964607534791816,10.1
89629.97067389524,43169.376493146134,0.0,0.0,0.0,0.9010511741255463,0.4337127869996163,10.1
89629.65883250747,43169.767225619114,0.0,0.0,0.0,0.9100096745326213,0.41458701409599485,10.1
89629.33074760158,43170.14446621144,0.0,0.0,0.0,0.9194981327106688,0.39309437027461136,10.1
89628.98529654,43170.50588880567,0.0,0.0,0.0,0.9272221078596034,0.37451189927209805,10.1
89628.62557509053,43170.853125803376,0.0,0.0,0.0,0.9334583750803835,0.3586857426665996,10.1
89628.25424464398,43171.1879313085,0.0,0.0,0.0,0.9384483643648824,0.3454195527483597,10.1
89627.87356916221,43171.5120813347,0.0,0.0,0.0,0.9423897441428886,0.3345169205500688,10.1
89627.48547728993,43171.82732132327,0.0,0.0,0.0,0.9454393571304853,0.3257981307323519,10.1
89627.09162578703,43172.13534051152,0.0,0.0,0.0,0.947717994402791,0.31910907709614184,10.1
89626.69345866336,43172.43776419944,0.0,0.0,0.0,0.9493152765703361,0.3143254772845915,10.1
89626.29226021314,43172.73615740028,0.0,0.0,0.0,0.9502938167402509,0.31135455973093823,10.1
89625.88920218238,43173.032035487566,0.0,0.0,0.0,0.9506923164374347,0.31013564688185175,10.1
89625.4853863133,43173.32687905575,0.0,0.0,0.0,0.9505274630839907,0.3106405349002486,10.1
89625.0818839886,43173.622151317715,0.0,0.0,0.0,0.9497945647505043,0.3128742315538309,10.1
89624.67977495295,43173.91931706008,0.0,0.0,0.0,0.9484668359332807,0.31687641302992403,10.1
89624.28018730204,43174.21986255935,0.0,0.0,0.0,0.9464931762315779,0.3227238251927787,10.1
89623.8843412002,43174.52531596465,0.0,0.0,0.0,0.9437941685859432,0.3305337612758616,10.1
89623.49359918838,43174.837267473304,0.0,0.0,0.0,0.9402558818761104,0.3404686132338456,10.1
89623.10952649025,43175.15738806711,0.0,0.0,0.0,0.9357209353692162,0.35274116730509225,10.1
89622.73396528028,43175.4874444128,0.0,0.0,0.0,0.9299761138199385,0.36761995011746124,10.1
89622.36912751707,43175.82930549788,0.0,0.0,0.0,0.9227359908068877,0.38543260275907015,10.1
89622.01771060543,43176.184932938275,0.0,0.0,0.0,0.9136224911673196,0.4065635788326605,10.1
89621.68303827975,43176.5563411348,0.0,0.0,0.0,0.9021422529548997,0.4314387041440043,10.1
89621.36922237457,43176.945504737974,0.0,0.0,0.0,0.8876680518449148,0.4604839082246561,10.1
89621.08132523375,43177.35418006953,0.0,0.0,0.0,0.8694396341749024,0.49403919128527823,10.1
89620.82547022038,43177.78359939412,0.0,0.0,0.0,0.8466138849128884,0.532207600352256,10.1
89620.60879497,43178.23400781488,0.0,0.0,0.0,0.8184081216707668,0.5746374042675323,10.1
89620.439083633,43178.70407271937,0.0,0.0,0.0,0.7843686125827185,0.6202949940109636,10.1
89620.32391586476,43179.19033249199,0.0,0.0,0.0,0.7447179409079773,0.667379343769181,10.1
89620.26934642285,43179.687019930956,0.0,0.0,0.0,0.700593816755226,0.7135603015333355,10.1
89620.27850860688,43180.18660216916,0.0,0.0,0.0,0.6539350491821236,0.7565506932461126,10.1
89620.3508319518,43180.68102540459,0.0,0.0,0.0,0.6069777344450593,0.7947188370033411,10.1
89620.48233739675,43181.16313594103,0.0,0.0,0.0,0.5616528232464181,0.8273730151143001,10.1
89620.66679924625,43181.62762016837,0.0,0.0,0.0,0.5192307552850519,0.8546340870607224,10.1
89620.89711460107,43182.07121055494,0.0,0.0,0.0,0.480301478081506,0.8771034660476041,10.1
89621.16634787072,43182.492363852456,0.0,0.0,0.0,0.44495022774635745,0.8955552997043034,10.1
89621.46829933926,43182.89075189853,0.0,0.0,0.0,0.41296641968046066,0.9107462523756558,10.1
89621.79769980098,43183.26679299188,0.0,0.0,0.0,0.38400402693234786,0.9233314179100268,10.1
89622.15019104158,43183.62130602298,0.0,0.0,0.0,0.3576801418342469,0.9338441605200694,10.1
89622.52221362542,43183.95528553137,0.0,0.0,0.0,0.3336264854593155,0.9427053453757781,10.1
89622.91087072679,43184.26976765724,0.0,0.0,0.0,0.3115117274399132,0.9502423078706826,10.1
89623.31379985518,43184.5657562761,0.0,0.0,0.0,0.29104946270545584,0.9567080067914481,10.1
89623.7290628343,43184.84418736914,0.0,0.0,0.0,0.27177775994144543,0.9623600413572927,10.1
89624.15517434421,43185.105719873056,0.0,0.0,0.0,0.2841321304825921,0.9587851336078502,10.1
89624.57452952693,43185.378197577214,0.0,0.0,0.0,0.30751976047140145,0.9515416947877859,10.1
89624.98096663223,43185.67154117104,0.0,0.0,0.0,0.3065708543187126,0.9518478404042816,10.1
89625.38770927122,43185.96387343712,0.0,0.0,0.0,0.28119617807120006,0.959650305808397,10.1
89625.80798755362,43186.23330645805,0.0,0.0,0.0,0.23604451293623885,0.9717422435567437,10.1
89626.25193204948,43186.46250612595,0.0,0.0,0.0,0.20374887288515175,0.9790231850155696,10.1
89626.71034162582,43186.66194757395,0.0,0.0,0.0,0.17040432780513176,0.9853742258986081,10.1
89627.1812215844,43186.8298302262,0.0,0.0,0.0,0.1334630549509769,0.9910537891371752,10.1
89627.66330695292,43186.962071245805,0.0,0.0,0.0,0.093197950856935,0.9956475992820293,10.1
89628.15449871482,43187.05484044846,0.0,0.0,0.0,0.05039996633261118,0.9987291141213775,10.1
89628.65182136487,43187.105162480155,0.0,0.0,0.0,0.006322304046008505,0.9999800140360555,10.1
89629.15163880067,43187.11148285471,0.0,0.0,0.0,-0.03746871426761924,0.9992978011839772,10.1
89629.65009842624,43187.07405069922,0.0,0.0,0.0,-0.07936513306402518,0.9968456127473951,10.1
89630.14367925015,43186.99495520069,0.0,0.0,0.0,-0.11801004267245167,0.9930124016488647,10.1
89630.62965447406,43186.87779348906,0.0,0.0,0.0,-0.15248595088049874,0.9883056383447735,10.1
89631.10632722624,43186.72711456129,0.0,0.0,0.0,-0.18234700299557743,0.9832342398932875,10.1
89631.57302243565,43186.54784562581,0.0,0.0,0.0,-0.20753215692902782,0.9782281961998363,10.1
89632.02991558544,43186.34484837023,0.0,0.0,0.0,-0.2282323173443035,0.9736067015585139,10.1
89632.47780137634,43186.12265187133,0.0,0.0,0.0,-0.24476773992227008,0.9695817415222627,10.1
89632.91787533571,43185.88533751767,0.0,0.0,0.0,-0.2574995200285397,0.9662784263270456,10.1
89633.35156104564,43185.63652604119,0.0,0.0,0.0,-0.2667759863652749,0.9637585657719648,10.1
89633.78038758859,43185.37942081549,0.0,0.0,0.0,-0.2729054896425848,0.9620408482611021,10.1
89634.20590870087,43185.11687550078,0.0,0.0,0.0,-0.27614616769392153,0.9611156507246985,10.1
89634.62965175216,43184.85146724919,0.0,0.0,0.0,-0.27670552405382315,0.9609547611402418,10.1
89635.0530857648,43184.58556578373,0.0,0.0,0.0,-0.2747452728829522,0.9615170487456123,10.1
89635.4776001019,43184.3213939541,0.0,0.0,0.0,-0.27038891796665,0.9627511791947202,10.1
89635.90448782437,43184.061077991515,0.0,0.0,0.0,-0.2637308521416966,0.9645963081147546,10.1
89636.33492964266,43183.806686678836,0.0,0.0,0.0,-0.25484650510039647,0.9669815193880975,10.1
89636.76997591452,43183.56025877583,0.0,0.0,0.0,-0.24380340494469152,0.969824674741458,10.1
89637.21052544186,43183.32381778475,0.0,0.0,0.0,-0.23067306136353588,0.9730313143785119,10.1
89637.65730106388,43183.099372864905,0.0,0.0,0.0,-0.2155433534091454,0.9764942717707771,10.1
89638.11082339971,43182.888904705695,0.0,0.0,0.0,-0.19853065919106547,0.9800946777537163,10.1
89638.57138555277,43182.69433575907,0.0,0.0,0.0,-0.17979058966410064,0.983704906904624,10.1
89639.03903271884,43182.51748552981,0.0,0.0,0.0,-0.15952550905460106,0.9871938066868483,10.1
89639.51355163557,43182.36001378536,0.0,0.0,0.0,-0.13798698165833845,0.9904340426766547,10.1
89639.9944745967,43182.22335719037,0.0,0.0,0.0,-0.11547180598196605,0.9933107580325823,10.1
89640.48110117755,43182.10866715545,0.0,0.0,0.0,-0.09231082521680276,0.9957302403501628,10.1
89640.972538305,43182.01675825236,0.0,0.0,0.0,-0.06885196326306504,0.997626887746527,10.1
89641.46775549738,43181.94807553739,0.0,0.0,0.0,-0.04543961542543923,0.9989670872205891,10.1
89641.96564915916,43181.90268664759,0.0,0.0,0.0,-0.022394110534795494,0.9997492204614892,10.1
89642.46510783593,43181.880299938166,0.0,0.0,0.0,5.4374801815266334e-06,0.9999999999852169,10.1
89642.96507064598,43181.88030537524,0.0,0.0,0.0,0.021532706104661643,0.9997681444053967,10.1
89643.46457302266,43181.901831625095,0.0,0.0,0.0,0.042019017752466414,0.9991168110622091,10.1
89643.96277699833,43181.94381096834,0.0,0.0,0.0,0.061352459944003804,0.9981161634092593,10.1
89644.45898604889,43182.00504453998,0.0,0.0,0.0,0.07947249578024954,0.9968370591096913,10.1
89644.95264682715,43182.08426192294,0.0,0.0,0.0,0.09636214381087185,0.9953463403459988,10.1
89645.44334105428,43182.18017169946,0.0,0.0,0.0,0.11203927726580566,0.993703778975282,10.1
89645.93077105572,43182.29150162441,0.0,0.0,0.0,0.1265483385745656,0.99196044175361,10.1
89646.41474193713,43182.41702877396,0.0,0.0,0.0,0.13995317760070147,0.9901581227659886,10.1
89646.89514261547,43182.555600964195,0.0,0.0,0.0,0.1523313888355278,0.9883294733920663,10.1
89647.37192720678,43182.706151232116,0.0,0.0,0.0,0.1637701480905184,0.986498524375181,10.1
89647.8450975517,43182.86770717081,0.0,0.0,0.0,0.1743634884409394,0.9846813565304801,10.1
89648.31468721808,43183.03939682914,0.0,0.0,0.0,0.18421075799400927,0.9828867669468709,10.1
89648.78074694639,43183.220452554975,0.0,0.0,0.0,0.19341608215574774,0.9811168223833088,10.1
89649.24333131786,43183.41021392806,0.0,0.0,0.0,0.2020885632563863,0.979367251137677,10.1
89649.702486309,43183.608130598055,0.0,0.0,0.0,0.21034299787292257,0.9776276506144002,10.1
89650.15823736065,43183.81376557594,0.0,0.0,0.0,0.21830085356430112,0.9758815180815228,10.1
89650.61057761275,43184.02679923196,0.0,0.0,0.0,0.2260911936236312,0.9741061400924653,10.1
89651.05945602799,43184.24703391423,0.0,0.0,0.0,0.23385116809733345,0.9722724058511136,10.1
89651.50476527147,43184.47439871179,0.0,0.0,0.0,0.2417255995889123,0.9703446472791927,10.1
89651.94632941965,43184.70895341725,0.0,0.0,0.0,0.24986498741485816,0.9682806866111565,10.1
89652.38389194204,43184.95089011321,0.0,0.0,0.0,0.25842136161972246,0.9660322975235397,10.1
89652.81710479772,43185.200530300055,0.0,0.0,0.0,0.26754111345970816,0.9635464454860179,10.1
89653.24552022293,43185.45831478165,0.0,0.0,0.0,0.2773518130780515,0.9607684277609864,10.1
89653.66858942603,43185.72478138384,0.0,0.0,0.0,0.28806148136582127,0.9576119166725781,10.1
89654.08558516517,43186.00061605743,0.0,0.0,0.0,0.2650726755215206,0.9642284359485892,10.1
89654.52010518404,43186.25905173436,0.0,0.0,0.0,0.21474782500046388,0.976669530423454,10.1
89654.9849129235,43186.47383749763,0.0,0.0,0.0,0.16190041805637537,0.9868071010249019,10.1
89655.47133851647,43186.63786337254,0.0,0.0,0.0,0.10453926458793371,0.9945207600444618,10.1
89655.97071170353,43186.74401975751,0.0,0.0,0.0,0.0407768078169221,0.9991682800931292,10.1
89656.47436222518,43186.785197051,0.0,0.0,0.0,-0.028096832487218795,0.9996052060709694,10.1
89656.9741178545,43186.75708064566,0.0,0.0,0.0,-0.06869825178493125,0.9976374843607743,10.1
89657.46931681948,43186.68855598417,0.0,0.0,0.0,-0.10199623315174418,0.9947847849775624,10.1
89657.958821092,43186.587110852204,0.0,0.0,0.0,-0.13735351206786878,0.9905220909816307,10.1
89658.43985180731,43186.45108837394,0.0,0.0,0.0,-0.17470973887060026,0.9846199810809075,10.1
89658.90921480153,43186.27910726687,0.0,0.0,0.0,-0.2139157347057909,0.9768521169784512,10.1
89659.36333253565,43186.070199501424,0.0,0.0,0.0,-0.2547394003419781,0.9670097403405042,10.1
89659.79831154445,43185.8239369564,0.0,0.0,0.0,-0.2968664571708726,0.9549190052600348,10.1
89660.21004969039,43185.5405444984,0.0,0.0,0.0,-0.33991109297634187,0.9404575742007869,10.1
89660.59437849415,43185.220981997,0.0,0.0,0.0,-0.38343646112579916,0.9235672581243466,10.1
89660.9472280195,43184.866980005514,0.0,0.0,0.0,-0.42698255676692776,0.904259861000574,10.1
89661.26479574514,43184.48102043805,0.0,0.0,0.0,-0.4700965318091486,0.8826150071129598,10.1
89661.54369921521,43184.066263490626,0.0,0.0,0.0,-0.512360059792001,0.8587707314120208,10.1
89661.78109581635,43183.626431465455,0.0,0.0,0.0,-0.5534090624220261,0.8329096047166067,10.1
89661.9747607598,43183.165666531735,0.0,0.0,0.0,-0.5929437708013496,0.8052438665819669,10.1
89662.12312303178,43182.68838046141,0.0,0.0,0.0,-0.6307296614384901,0.7760026379991808,10.1
89662.2252658786,43182.199110997026,0.0,0.0,0.0,-0.6665917927422798,0.7454229550051659,10.1
89662.28090159563,43181.70239374117,0.0,0.0,0.0,-0.7004058456920025,0.7137448082616579,10.1
89662.29033003777,43181.20265280333,0.0,0.0,0.0,-0.7320888182665781,0.6812091911953664,10.1
89662.25438770832,43180.70410957443,0.0,0.0,0.0,-0.7615913565159205,0.6480575635545349,10.1
89662.17439110109,43180.21070741698,0.0,0.0,0.0,-0.7888925276584235,0.6145311870073833,10.1
89662.05207550398,43179.72605029912,0.0,0.0,0.0,-0.81399686893248,0.5808692601335682,10.1
89661.88952930277,43179.25335453501,0.0,0.0,0.0,-0.8369329981679735,0.5473053595366729,10.1
89661.68912386021,43178.7954140741,0.0,0.0,0.0,-0.8577527392467034,0.5140624848350412,10.1
89661.45344008872,43178.354580296225,0.0,0.0,0.0,-0.8765299411679359,0.48134734053086314,10.1
89661.18519397333,43177.93275712518,0.0,0.0,0.0,-0.8933584173729864,0.4493447875616596,10.1
89660.8871642334,43177.53141133296,0.0,0.0,0.0,-0.9083488422583088,0.4182133196922237,10.1
89660.56212557676,43177.151596647265,0.0,0.0,0.0,-0.9216247844919723,0.38808215188298173,10.1
89660.21279057249,43176.79398911226,0.0,0.0,0.0,-0.9333182616900007,0.3590501669627178,10.1
89659.84176223728,43176.45893037962,0.0,0.0,0.0,-0.9435652648462657,0.33118664069614373,10.1
89659.45149828013,43176.146475362926,0.0,0.0,0.0,-0.9525016466725953,0.30453343508717473,10.1
89659.04428679016,43175.85644087891,0.0,0.0,0.0,-0.9602596632587843,0.27910818532985776,10.1
89658.62223234435,43175.58845259632,0.0,0.0,0.0,-0.9669652965391814,0.25490805261680743,10.1
89658.1872508986,43175.3419882687,0.0,0.0,0.0,-0.9727363837579344,0.23191362123328724,10.1
89657.74107162503,43175.11641605555,0.0,0.0,0.0,-0.9776814824929859,0.21009264335125397,10.1
89657.28524387348,43174.91102738635,0.0,0.0,0.0,-0.9818993529102517,0.18940343385068034,10.1
89656.82114761669,43174.72506433123,0.0,0.0,0.0,-0.9854789218506629,0.16979780501542147,10.1
89656.35000599494,43174.55774179198,0.0,0.0,0.0,-0.9884995963658202,0.15122350341336016,10.1
89655.87289887828,43174.40826504411,0.0,0.0,0.0,-0.9910318072880513,0.13362618359954292,10.1
89655.39077668052,43174.275843246,0.0,0.0,0.0,-0.993137702965619,0.11695085697922034,10.1
89654.90447377654,43174.15969961995,0.0,0.0,0.0,-0.9948714570954879,0.10114733736832092,10.1
89654.41472258768,43174.05907472495,0.0,0.0,0.0,-0.9963004544730012,0.08593837569381454,10.1
89653.92209316423,43173.97345170499,0.0,0.0,0.0,-0.9953444230288305,0.09638194615904215,10.1
89653.43495773533,43173.87821739788,0.0,0.0,0.0,-0.9712471663122341,0.23807339609972306,10.1
89652.9900711057,43173.64617271321,0.0,0.0,0.0,-0.9896694221092263,0.14336817967035162,10.1
89652.50982821287,43173.50404964854,0.0,0.0,0.0,-0.9851147309569709,0.17189812928468665,10.1
89652.03943123967,43173.33472972809,0.0,0.0,0.0,-0.9838314518746971,0.1790968294027716,10.1
89651.57151206378,43173.1585305736,0.0,0.0,0.0,-0.9814472146037382,0.19173253491925632,10.1
89651.10827802464,43172.97035707819,0.0,0.0,0.0,-0.9787779882534073,0.20492352161382724,10.1
89650.65027794063,43172.769785190154,0.0,0.0,0.0,-0.9756358311736233,0.2193962737380768,10.1
89650.19842229768,43172.55573888705,0.0,0.0,0.0,-0.9719016750600267,0.235387200194731,10.1
89649.75384179819,43172.326972036295,0.0,0.0,0.0,-0.9674319210396427,0.25313134565586,10.1
89649.31793388359,43172.08209402167,0.0,0.0,0.0,-0.9620312615114672,0.27293928239565457,10.1
89648.89245167989,43171.81953144129,0.0,0.0,0.0,-0.9554399449928982,0.2951855543754941,10.1
89648.47961529595,43171.53751925303,0.0,0.0,0.0,-0.9473102332624327,0.32031753301415655,10.1
89648.08225727176,43171.234108691024,0.0,0.0,0.0,-0.9371753252904429,0.34885872451001226,10.1
89647.7040107628,43170.90721104922,0.0,0.0,0.0,-0.9244124053661207,0.38139442157066616,10.1
89647.34953927985,43170.5547117551,0.0,0.0,0.0,-0.9082079319762952,0.4185192376645799,10.1
89647.02478289686,43170.174709033396,0.0,0.0,0.0,-0.8875486090672857,0.46071408329106506,10.1
89646.73714482052,43169.76595133188,0.0,0.0,0.0,-0.8612915772088493,0.5081110302178973,10.1
89646.49543993703,43169.32853366634,0.0,0.0,0.0,-0.8283977170714486,0.5601403595089468,10.1
89646.30931444353,43168.86480688165,0.0,0.0,0.0,-0.7883896419335059,0.6151762125537351,10.1
89646.1878478045,43168.38017375159,0.0,0.0,0.0,-0.7419175867378035,0.6704910845709686,10.1
89646.13744737601,43167.883131692484,0.0,0.0,0.0,-0.6910232279590216,0.7228325521316082,10.1
89646.15991634126,43167.3840359526,0.0,0.0,0.0,-0.6386886308733528,0.7694652901808645,10.1
89646.25192853717,43166.89293221132,0.0,0.0,0.0,-0.5878539872663735,0.8089670510317626,10.1
89646.40626820206,43166.41764877389,0.0,0.0,0.0,-0.540601167577954,0.841279012940031,10.1
89646.61392731404,43165.963052151244,0.0,0.0,0.0,-0.4979404484774496,0.8672112255789107,10.1
89646.86589965646,43165.53137474379,0.0,0.0,0.0,-0.4600479035303291,0.8878940964199216,10.1
89647.15418501175,43165.12300089456,0.0,0.0,0.0,-0.4266173284260599,0.9044322280229797,10.1
89647.47212460253,43164.737224886754,0.0,0.0,0.0,-0.3971339152556797,0.9177606732442258,10.1
89647.8143620566,43164.37280125639,0.0,0.0,0.0,-0.3710344751412693,0.928619092123699,10.1
89648.17665710257,43164.02828804787,0.0,0.0,0.0,-0.34778403550944764,0.9375746715034292,10.1
89648.55567195095,43163.702241570776,0.0,0.0,0.0,-0.3269041660673626,0.9450574935990943,10.1
89648.94877956806,43163.39331880957,0.0,0.0,0.0,-0.3079770360491889,0.9513937908491712,10.1
89649.35390775173,43163.10032725253,0.0,0.0,0.0,-0.2906391111776255,0.9568327476909848,10.1
89649.7694177729,43162.82224687259,0.0,0.0,0.0,-0.2745711488943775,0.961566786133351,10.1
89650.19401184403,43162.55823870521,0.0,0.0,0.0,-0.2594875155550045,0.9657464622099795,10.1
89650.6266630782,43162.307648240196,0.0,0.0,0.0,-0.2451259291788839,0.9694912474304184,10.1
89651.06656242543,43162.0700083234,0.0,0.0,0.0,-0.23123791500683344,0.9728972333516488,10.1
89651.5130780888,43161.84504432835,0.0,0.0,0.0,-0.2175798294947282,0.9760425286825595,10.1
89651.96572383736,43161.632683386706,0.0,0.0,0.0,-0.2039041438348587,0.9789908580405505,10.1
89652.42413326945,43161.43306904572,0.0,0.0,0.0,-0.1899506656992399,0.981793636463598,10.1
89652.88803738757,43161.246582570646,0.0,0.0,0.0,-0.1754374114788086,0.9844905863712539,10.1
89653.35724283404,43161.07387207873,0.0,0.0,0.0,-0.16005090437499975,0.9871087619957309,10.1
89653.83160775722,43160.91589068471,0.0,0.0,0.0,-0.14343596021644137,0.9896596007298608,10.1
89654.31101139767,43160.77394456711,0.0,0.0,0.0,-0.1251859247728239,0.9921332996320469,10.1
89654.79531208615,43160.64975057044,0.0,0.0,0.0,-0.10483490450091042,0.9944896393619619,10.1
89655.28428639972,43160.54550087629,0.0,0.0,0.0,-0.08185649999872849,0.9966441257580151,10.1
89655.77754004337,43160.46392666234,0.0,0.0,0.0,-0.055676777811971924,0.998448845165578,10.1
89656.27437977084,43160.408343001574,0.0,0.0,0.0,-0.02571525434758954,0.9996693081683756,10.1
89656.77363886216,43160.382640350756,0.0,0.0,0.0,0.008527321644190164,0.9999636417318264,10.1
89657.27346232244,43160.39116559148,0.0,0.0,0.0,0.04731608531711675,0.9988799667979448,10.1
89657.77109208562,43160.43841620224,0.0,0.0,0.0,0.09046840743546342,0.9958993258638601,10.1
89658.26274940967,43160.5284846574,0.0,0.0,0.0,0.13714124593313542,0.9905515022773461,10.1
89658.74376472556,43160.664280166195,0.0,0.0,0.0,0.1857558173741883,0.9825959374593645,10.1
89659.2090786941,43160.84673218204,0.0,0.0,0.0,0.2342008606366735,0.972188231196532,10.1
89659.65406158078,43161.074334048666,0.0,0.0,0.0,0.280303976921468,0.9599112878396676,10.1
89660.07535135002,43161.34331167207,0.0,0.0,0.0,0.3223427639570606,0.9466230202802606,10.1
89660.47133896149,43161.648365914894,0.0,0.0,0.0,0.35932667807246677,0.9332118400585184,10.1
89660.84214607795,43161.98362400657,0.0,0.0,0.0,0.3909721098757609,0.9204025256915019,10.1
89661.1892341714,43162.34342107788,0.0,0.0,0.0,0.41749141611566193,0.9086808666796826,10.1
89661.51490036462,43162.72274709397,0.0,0.0,0.0,0.4393547883157544,0.8983136256252705,10.1
89661.82184552112,43163.11739692616,0.0,0.0,0.0,0.4571114356583447,0.8894094306844104,10.1
89662.11288084487,43163.52393685478,0.0,0.0,0.0,0.4712843613877496,0.881981321067142,10.1
89662.39076361497,43163.93958847245,0.0,0.0,0.0,0.4823200693110055,0.8759950631937528,10.1
89662.65812627928,43164.362091066265,0.0,0.0,0.0,0.4905701557140825,0.8714016997474017,10.1
89662.91746481425,43164.789570798624,0.0,0.0,0.0,0.49628595116688307,0.8681591182924834,10.1
89663.17116432123,43165.22042470262,0.0,0.0,0.0,0.49976024197429264,0.8661637839010567,10.1
89663.42139004315,43165.65327474409,0.0,0.0,0.0,0.49954403211481996,0.8662884969676486,10.1
89663.67196271312,43166.08622599543,0.0,0.0,0.0,0.5308650619771134,0.8474563622818791,10.1
89663.88747244098,43166.5306002394,0.0,0.0,0.0,0.4694584574536707,0.8829545609629185,10.1
89664.16845898867,43166.9471532539,0.0,0.0,0.0,0.4583424107416556,0.8887756941520889,10.1
89664.45855206155,43167.35475688954,0.0,0.0,0.0,0.43768200781009237,0.8991298349178088,10.1
89664.76694549897,43167.74823750001,0.0,0.0,0.0,0.4126950584718237,0.9108692489665781,10.1
89665.09659134684,43168.12410661725,0.0,0.0,0.0,0.38405654386068666,0.9233095749085376,10.1
89665.44904439214,43168.478661892215,0.0,0.0,0.0,0.35116174209711365,0.9363148139847625,10.1
89665.82566248468,43168.80740105573,0.0,0.0,0.0,0.31351813674384965,0.9495822123084787,10.1
89666.22727493978,43169.10504269385,0.0,0.0,0.0,0.27089072636118605,0.9626101050640955,10.1
89666.65376695951,43169.36572771038,0.0,0.0,0.0,0.22350769263627682,0.9747021654497375,10.1
89667.10365114451,43169.58350362986,0.0,0.0,0.0,0.17225892883560381,0.9850517049558416,10.1
89667.57378958326,43169.753119602494,0.0,0.0,0.0,0.11874144847037628,0.9929252078657067,10.1
89668.0594869322,43169.87097169395,0.0,0.0,0.0,0.06502668643169517,0.9978835252932649,10.1
89668.555058958,43169.93583464093,0.0,0.0,0.0,0.01320218582312806,0.9999128473469533,10.1
89669.05470484757,43169.94903092706,0.0,0.0,0.0,-0.03509586248039535,0.9993839504598606,10.1
89669.55332222875,43169.91396729687,0.0,0.0,0.0,-0.07892146830380475,0.9968808363293837,10.1
89670.04697312547,43169.83531119828,0.0,0.0,0.0,-0.11798788330228799,0.9930150348276937,10.1
89670.5329589414,43169.718169883294,0.0,0.0,0.0,-0.15247982065004675,0.9883065841602643,10.1
89671.00963789184,43169.56749550054,0.0,0.0,0.0,-0.182842956205783,0.9831421328403793,10.1
89671.47615251312,43169.387755627155,0.0,0.0,0.0,-0.20962301001304826,0.9777822833704185,10.1
89671.93216951337,43169.182808475285,0.0,0.0,0.0,-0.23336885894069787,0.972388284419715,10.1
89672.37767656808,43168.95589958912,0.0,0.0,0.0,-0.2545838425478802,0.9670507055545516,10.1
89672.81283851904,43168.70971831336,0.0,0.0,0.0,-0.27370772450455655,0.9618129140048691,10.1
89673.2379024411,43168.44647517408,0.0,0.0,0.0,-0.29111524919215065,0.9566879907722224,10.1
89673.65313782574,43168.16797979583,0.0,0.0,0.0,-0.3071218569120559,0.9516701976036082,10.1
89674.05880015946,43167.87571104264,0.0,0.0,0.0,-0.3219920041440671,0.9467423880165539,10.1
89674.45510949046,43167.57087665412,0.0,0.0,0.0,-0.3359478609024554,0.941880584126812,10.1
89674.84223821349,43167.254462314806,0.0,0.0,0.0,-0.34917723442232607,0.937056699971339,10.1
89675.22030428883,43166.92727139562,0.0,0.0,0.0,-0.3618403788620491,0.9322400657689889,10.1
89675.5893674864,43166.589956922006,0.0,0.0,0.0,-0.37407570879467916,0.9273981691214181,10.1
89675.94942712644,43166.243047236516,0.0,0.0,0.0,-0.38600453248770267,0.9224968839508078,10.1
89676.30042034545,43165.88696664554,0.0,0.0,0.0,-0.39773496412726894,0.9175003533027549,10.1
89676.64222026001,43165.52205213147,0.0,0.0,0.0,-0.4093651705878818,0.9123706248611659,10.1
89676.97463361024,43165.148567022894,0.0,0.0,0.0,-0.42098609411590215,0.9070670915434187,10.1
89677.29739758323,43164.766712359626,0.0,0.0,0.0,-0.4326837656850108,0.901545760853346,10.1
89677.61017558273,43164.37663657477,0.0,0.0,0.0,-0.444541302916491,0.8957583546924408,10.1
89677.91255174093,43163.978444038,0.0,0.0,0.0,-0.4566406622613059,0.8896512269252237,10.1
89678.20402397771,43163.572202964715,0.0,0.0,0.0,-0.4690641921929551,0.8831640751312129,10.1
89678.48399541342,43163.15795319329,0.0,0.0,0.0,-0.48189601432818846,0.8762284127866469,10.1
89678.7517639369,43162.73571436795,0.0,0.0,0.0,-0.4952232186942141,0.8687657703121956,10.1
89679.00650975275,43162.305495147055,0.0,0.0,0.0,-0.5091368323421983,0.8606855906500075,10.1
89679.24728077413,43161.86730418088,0.0,0.0,0.0,-0.5237324611429046,0.8518828024706192,10.1
89679.47297583452,43161.421163786516,0.0,0.0,0.0,-0.5391104289959929,0.8422350891216517,10.1
89679.6823259042,43160.96712748455,0.0,0.0,0.0,-0.5553751463389157,0.8315999319558822,10.1
89679.87387385279,43160.50530286204,0.0,0.0,0.0,-0.5726333280462483,0.8198116073895745,10.1
89680.0459538535,43160.03588161349,0.0,0.0,0.0,-0.5909901853794743,0.8066787469526729,10.1
89680.19667297948,43159.55917868447,0.0,0.0,0.0,-0.6105430822595428,0.7919830457181626,10.1
89680.32389860718,43159.07568268275,0.0,0.0,0.0,-0.6313714644423105,0.7754805438487623,10.1
89680.42525771077,43158.586119382555,0.0,0.0,0.0,-0.6535215562661005,0.7569079042363965,10.1
89680.49815785962,43158.09152770618,0.0,0.0,0.0,-0.6769857471633061,0.7359961264420759,10.1
89680.53984173393,43157.593345592555,0.0,0.0,0.0,-0.701676305489288,0.7124958682791805,10.1
89680.54749070291,43157.093495176574,0.0,0.0,0.0,-0.727397016416603,0.686216861136641,10.1
89680.5183904571,43156.59444895292,0.0,0.0,0.0,-0.753819305270808,0.657081771928758,10.1
89680.45016341208,43156.09924778719,0.0,0.0,0.0,-0.7804744224443088,0.6251877125393802,10.1
89680.34105231265,43155.61143542552,0.0,0.0,0.0,-0.806774616523669,0.5908593048544525,10.1
89680.19021019457,43155.134881503334,0.0,0.0,0.0,-0.8320705581438633,0.5546697993132128,10.1
89679.99792516381,43154.67349238512,0.0,0.0,0.0,-0.8557380502050093,0.5174093055128879,10.1
89679.7657042562,43154.230852698354,0.0,0.0,0.0,-0.8772701800195806,0.4799969075404682,10.1
89679.496173745,43153.80987889473,0.0,0.0,0.0,-0.8963440411505939,0.4433591770718438,10.1
89679.19281418028,43153.412572244284,0.0,0.0,0.0,-0.9128415429429069,0.40831399373229077,10.1
89678.859603643,43153.03992359737,0.0,0.0,0.0,-0.9268250993635985,0.3754933224301811,10.1
89678.50066087877,43152.69196706441,0.0,0.0,0.0,-0.9384860450536668,0.34531716325651535,10.1
89678.1199579768,43152.36793696756,0.0,0.0,0.0,-0.948087509935969,0.31800954939028786,10.1
89677.7211319404,43152.06646926173,0.0,0.0,0.0,-0.95591684224948,0.2936375158316503,10.1
89677.30739002244,43151.785800019665,0.0,0.0,0.0,-0.9622533187143661,0.272155379559524,10.1
89676.88148583322,43151.523934363286,0.0,0.0,0.0,-0.9673502301818305,0.2534433510020719,10.1
89676.44573997486,43151.278777474545,0.0,0.0,0.0,-0.971427603534248,0.23733607204069906,10.1
89676.00208355355,43151.04823054472,0.0,0.0,0.0,-0.9746715979884026,0.22364095348288454,10.1
89675.55210968977,43150.83025931996,0.0,0.0,0.0,-0.9772375010041563,0.2121482185434317,10.1
89675.09712411603,43150.6229435696,0.0,0.0,0.0,-0.979254305178421,0.20263515437733864,10.1
89674.63819022888,43150.42451443044,0.0,0.0,0.0,-0.9808296485564147,0.19486713553778132,10.1
89674.17616678293,43150.23338435366,0.0,0.0,0.0,-0.9820544664272176,0.18859752111401915,10.1
89673.71173796855,43150.048172177354,0.0,0.0,0.0,-0.9830070045394715,0.1835680501240215,10.1
89673.24543658472,43149.867724035066,0.0,0.0,0.0,-0.9837559450103381,0.17951111569152614,10.1
89672.77766173835,43149.691129252475,0.0,0.0,0.0,-0.9843624882246801,0.17615473815971172,10.1
89672.30869288044,43149.51772937656,0.0,0.0,0.0,-0.9848815226083475,0.17322928858788036,10.1
89671.83870179333,43149.347119242164,0.0,0.0,0.0,-0.9853617100675804,0.17047668559862836,10.1
89671.36776459792,43149.17913822358,0.0,0.0,0.0,-0.9858450443525016,0.16765902458744686,10.1
89670.89587471256,43149.01385260334,0.0,0.0,0.0,-0.9863658758613789,0.16456718669350487,10.1
89670.42295778237,43148.8515293901,0.0,0.0,0.0,-0.9869501126657212,0.16102631806360188,10.1
89669.94888821489,43148.6926047683,0.0,0.0,0.0,-0.987615056477142,0.15689646337521976,10.1
89669.47350620867,43148.5376519456,0.0,0.0,0.0,-0.9883746946070027,0.1520377027599214,10.1
89668.99662595424,43148.38738307702,0.0,0.0,0.0,-0.9895337002621636,0.14430196133618786,10.1
89668.51753412173,43148.24461678592,0.0,0.0,0.0,-0.9923360489570081,0.12356846661019316,10.1
89668.03299185606,43148.12204304378,0.0,0.0,0.0,-0.9942972057139651,0.10664458124724849,10.1
89667.544039389,43148.01593599091,0.0,0.0,0.0,-0.9953903308735792,0.0959066692330961,10.1
89667.05230912815,43147.92029084879,0.0,0.0,0.0,-0.995819372626848,0.09134427787809614,10.1
89666.55943348116,43147.829102838965,0.0,0.0,0.0,-0.9956712906718653,0.09294450458107749,10.1
89666.0670448556,43147.73636718293,0.0,0.0,0.0,-0.9949152421794255,0.10071574295538438,10.1
89665.57677565912,43147.6360791022,0.0,0.0,0.0,-0.9934025551775113,0.11467939381942864,10.1
89665.09025829933,43147.52223381829,0.0,0.0,0.0,-0.9908688584797257,0.13482917078690793,10.1
89664.60912518381,43147.38882655271,0.0,0.0,0.0,-0.9873290794733908,0.15868613306217683,10.1
89664.13443987741,43147.232195138466,0.0,0.0,0.0,-0.9853336976291178,0.170638519439575,10.1
89663.66356568263,43147.06406221911,0.0,0.0,0.0,-0.983290633157067,0.18204266188334609,10.1
89663.19670739183,43146.8850622101,0.0,0.0,0.0,-0.9809010103264615,0.1945076038115919,10.1
89662.7345483159,43146.694272690394,0.0,0.0,0.0,-0.9780674245721364,0.208288533027693,10.1
89662.27794214027,43146.49055679408,0.0,0.0,0.0,-0.9747091849805706,0.223477078722879,10.1
89661.82789610133,43146.27273741961,0.0,0.0,0.0,-0.9707222552093058,0.2402047111139986,10.1
89661.38560945222,43146.03957329353,0.0,0.0,0.0,-0.9659840895460972,0.25860150568741447,10.1
89660.95250275466,43145.78977906011,0.0,0.0,0.0,-0.960353783402809,0.27878416508817466,10.1
89660.53024607035,43145.52206202772,0.0,0.0,0.0,-0.9536751046793491,0.30083848609317343,10.1
89660.12077729993,43145.23517907448,0.0,0.0,0.0,-0.9457841261283761,0.3247959155586532,10.1
89659.72630209009,43144.9280174845,0.0,0.0,0.0,-0.9365238097768115,0.3506039841774855,10.1
89659.34926244791,43144.599700901905,0.0,0.0,0.0,-0.9257671920714433,0.37809404396810503,10.1
89658.99225881006,43144.249714285645,0.0,0.0,0.0,-0.9134486007333428,0.4069541175836635,10.1
89658.65791429725,43143.8780313449,0.0,0.0,0.0,-0.899598498680376,0.4367179194537517,10.1
89658.34868110147,43143.48521678695,0.0,0.0,0.0,-0.884372569725723,0.46678170263702634,10.1
89658.06660844502,43143.072469581864,0.0,0.0,0.0,-0.8680626181660966,0.49645472194614226,10.1
89657.81311348431,43142.64157996061,0.0,0.0,0.0,-0.851079653123645,0.5250365930475095,10.1
89657.58880853263,43142.194794990384,0.0,0.0,0.0,-0.8339091815494887,0.5519016913612984,10.1
89657.39342881902,43141.73461753633,0.0,0.0,0.0,-0.8170505482894073,0.5765660426525125,10.1
89657.2258755009,43141.26358532542,0.0,0.0,0.0,-0.8009585178490191,0.5987198449066997,10.1
89657.08435364229,43140.78407855794,0.0,0.0,0.0,-0.7860021876167332,0.6182237144122745,10.1
89656.96656251878,43140.29818766728,0.0,0.0,0.0,-0.7724474907590604,0.6350786360916508,10.1
89656.86989255257,43139.807648950955,0.0,0.0,0.0,-0.760460110428432,0.6493846475296263,10.1
89656.79159600852,43139.313836974965,0.0,0.0,0.0,-0.7501209372714122,0.6613006725136896,10.1
89656.72891627852,43138.817794873365,0.0,0.0,0.0,-0.7414464085670363,0.6710120887309285,10.1
89656.6791743877,43138.320284231275,0.0,0.0,0.0,-0.7344083206310107,0.6787079037317443,10.1
89656.63981923749,43137.82184096084,0.0,0.0,0.0,-0.7289503674704495,0.6845665502817798,10.1
89656.60845078963,43137.32282895095,0.0,0.0,0.0,-0.7250005445259297,0.6887482925112086,10.1
89656.58282507221,43136.823487469635,0.0,0.0,0.0,-0.7224797291402058,0.6913921036441586,10.1
89656.56084813293,43136.323971138365,0.0,0.0,0.0,-0.7213071579806197,0.6926153216944607,10.1
89656.54056411817,43135.82438278358,0.0,0.0,0.0,-0.7214035816611949,0.6925148896351614,10.1
89656.52014099323,43135.324800127804,0.0,0.0,0.0,-0.7226927794968804,0.6911694050398017,10.1
89656.49785616052,43134.82529745619,0.0,0.0,0.0,-0.7251019703975319,0.6886415123455866,10.1
89656.47208335387,43134.32596331713,0.0,0.0,0.0,-0.7285615177820413,0.684980375490516,10.1
89656.4412816017,43133.82691513027,0.0,0.0,0.0,-0.7330042115287813,0.6802240997502733,10.1
89656.40398667904,43133.328311362195,0.0,0.0,0.0,-0.7383643380192143,0.6744020346510288,10.1
89656.35880521625,43132.830361721026,0.0,0.0,0.0,-0.744576687213575,0.6675369329543184,10.1
89656.30441146868,43132.33333563869,0.0,0.0,0.0,-0.7515756113935975,0.6596469512992084,10.1
89656.23954662764,43131.83756916891,0.0,0.0,0.0,-0.7592942332699439,0.6507474681648849,10.1
89656.16302043559,43131.34347031625,0.0,0.0,0.0,-0.7676638792813361,0.6408526885694795,10.1
89656.07371476262,43130.85152274603,0.0,0.0,0.0,-0.7766138001679026,0.6299769879835049,10.1
89655.97058869436,43130.3622878061,0.0,0.0,0.0,-0.7860712099433659,0.618135950174533,10.1
89655.8526846055,43129.87640483169,0.0,0.0,0.0,-0.7959616934287168,0.6053469935450984,10.1
89655.71913455347,43129.3945897274,0.0,0.0,0.0,-0.8062099487552811,0.5916295450093809,10.1
89655.56916632218,43128.91763198028,0.0,0.0,0.0,-0.8167408076386242,0.5770047254033608,10.1
89655.40210848379,43128.446390419114,0.0,0.0,0.0,-0.8274804432249632,0.5614945378899233,10.1
89655.21739394784,43127.981788182464,0.0,0.0,0.0,-0.8383577346076839,0.545120453499474,10.1
89655.01456142412,43127.52480739421,0.0,0.0,0.0,-0.8493055402878698,0.5279015999562131,10.1
89654.79325467702,43127.076484287325,0.0,0.0,0.0,-0.8602617193473897,0.5098526985566252,10.1
89654.55321977982,43126.63790553579,0.0,0.0,0.0,-0.8711698914417583,0.49098169033616235,10.1
89654.294300488,43126.210206287986,0.0,0.0,0.0,-0.8819795569059077,0.4712876628982121,10.1
89654.01643280851,43125.794570507845,0.0,0.0,0.0,-0.8926456319305368,0.450759110607132,10.1
89653.71963964925,43125.39223362387,0.0,0.0,0.0,-0.9031271681692705,0.429373168834004,10.1
89653.40402711669,43125.00448717562,0.0,0.0,0.0,-0.9133852438547183,0.4070962985688481,10.1
89653.06978404982,43124.63268427963,0.0,0.0,0.0,-0.9233799767960691,0.38388724705581323,10.1
89652.71718675207,43124.27824394013,0.0,0.0,0.0,-0.9330668076497733,0.3597031171150186,10.1
89652.34661047033,43123.942650757446,0.0,0.0,0.0,-0.9423923456585379,0.3345095915578489,10.1
89651.95854894558,43123.627445437945,0.0,0.0,0.0,-0.9512904704274314,0.30829602798926276,10.1
89651.55364183531,43123.33420000406,0.0,0.0,0.0,-0.9596798655306971,0.2810952786778589,10.1
89651.13270745821,43123.06447124795,0.0,0.0,0.0,-0.9674646103358088,0.2530063788677702,10.1
89650.69677496863,43122.819727567316,0.0,0.0,0.0,-0.9745396130399735,0.22421539335179191,10.1
89650.24710609933,43122.60124925053,0.0,0.0,0.0,-0.9808019099804521,0.19500670085588595,10.1
89649.78519414105,43122.41001132404,0.0,0.0,0.0,-0.9861668327877307,0.1657557779065818,10.1
89649.31272947008,43122.24656935108,0.0,0.0,0.0,-0.9905851944085086,0.13689767207172387,10.1
89648.8315286201,43122.11097693716,0.0,0.0,0.0,-0.9940555860882005,0.10887374232037841,10.1
89648.34343621692,43122.00276238102,0.0,0.0,0.0,-0.9966265940178266,0.08206967830097933,10.1
89647.85022032533,43121.920977628535,0.0,0.0,0.0,-0.9983876480330586,0.056763582119326125,10.1
89647.35348507189,43121.86431043389,0.0,0.0,0.0,-0.9994520663296731,0.033099352098593875,10.1
89646.85461727668,43121.831231647404,0.0,0.0,0.0,-0.9999385112497976,0.011089351628399424,10.1
89646.35477140284,43121.820143668694,0.0,0.0,0.0,0.9999561947393403,0.00935994671024385,10.1
89645.85488544425,43121.829502710505,0.0,0.0,0.0,0.9995962986474702,0.028411964562090462,10.1
89645.35571524584,43121.85790192151,0.0,0.0,0.0,0.9989292147220794,0.04626471630443363,10.1
89644.85787509927,43121.904115294645,0.0,0.0,0.0,0.998005787498398,0.0631224850564561,10.1
89644.36187648812,43121.96710974849,0.0,0.0,0.0,0.9968605708084518,0.0791770318176154,10.1
89643.86816045316,43122.04603581767,0.0,0.0,0.0,0.9955156432291885,0.09459706171956425,10.1
89643.37712242654,43122.14020610848,0.0,0.0,0.0,0.9939841599939376,0.1095239228714262,10.1
89642.88912997738,43122.249068462326,0.0,0.0,0.0,0.9922732942259297,0.1240713889904577,10.1
89642.40453464653,43122.37217840395,0.0,0.0,0.0,0.9903864984672962,0.13832781229271357,10.1
89641.92367920397,43122.50917356009,0.0,0.0,0.0,0.9883252233639803,0.15235896055873588,10.1
89641.44690153863,43122.659750895575,0.0,0.0,0.0,0.986090093001199,0.16621169779797912,10.1
89640.9745361054,43122.823647745674,0.0,0.0,0.0,0.9836817711927518,0.17991712820932476,10.1
89640.50691369429,43123.000626138375,0.0,0.0,0.0,0.9811015296756394,0.1934936393479658,10.1
89640.04436007724,43123.190460337515,0.0,0.0,0.0,0.9783516224874657,0.20694951745810744,10.1
89639.58719396114,43123.39292717339,0.0,0.0,0.0,0.975435517447719,0.22028515905866355,10.1
89639.13572445934,43123.60779878708,0.0,0.0,0.0,0.972357992979158,0.23349503953948078,10.1
89638.69024849262,43123.83483746562,0.0,0.0,0.0,0.9691251607057879,0.2465693064575976,10.1
89638.25104816434,43124.07379221678,0.0,0.0,0.0,0.9657444274407238,0.2594950883296035,10.1
89637.81838826476,43124.32439676242,0.0,0.0,0.0,0.9622243976670015,0.2722576142817242,10.1
89637.3925140276,43124.58636872522,0.0,0.0,0.0,0.9585747297814277,0.2848411617453891,10.1
89636.97364923275,43124.85940979701,0.0,0.0,0.0,0.9548059675499708,0.29722981736522347,10.1
89636.56199469588,43125.14320667014,0.0,0.0,0.0,0.9509293598168734,0.30940806815316124,10.1
89636.15772715464,43125.43743253687,0.0,0.0,0.0,0.9469566664452044,0.32136127936480763,10.1
89635.7609985764,43125.74174900845,0.0,0.0,0.0,0.9428999634152133,0.3330760558665083,10.1
89635.37193588125,43126.05580830965,0.0,0.0,0.0,0.9387714641319205,0.3445404738657133,10.1
89634.99064101995,43126.37925561913,0.0,0.0,0.0,0.9345833443225587,0.3557442515556108,10.1
89634.61719139323,43126.71173147581,0.0,0.0,0.0,0.9303475722091921,0.36667887160901735,10.1
89634.25164061874,43127.05287416478,0.0,0.0,0.0,0.9260757580911373,0.37733763432226763,10.1
89633.89401958263,43127.402322018905,0.0,0.0,0.0,0.9217790271987838,0.3877156496924824,10.1
89633.5443378305,43127.75971546462,0.0,0.0,0.0,0.917467967080758,0.3978096647653262,10.1
89633.20258493064,43128.12469888734,0.0,0.0,0.0,0.9131526289231308,0.4076178066409453,10.1
89632.86873129077,43128.49692275518,0.0,0.0,0.0,0.9088422006934277,0.41714008946483117,10.1
89632.54273114659,43128.87604424794,0.0,0.0,0.0,0.9045452218543925,0.42637769831498906,10.1
89632.2245229619,43129.26172958307,0.0,0.0,0.0,0.900269798930239,0.43533238925458684,10.1
89631.91402908038,43129.653656499184,0.0,0.0,0.0,0.900269798930239,0.43533238925458684,10.1
