time[s],x,y,speed[kph],brake_limit[kph],turning_limit[kph],full_throttle_fkag
0,89630.06749,43130.69456,30.0,99.98241410308894,320.743635946218,1
0.05932428090153894,89629.768086635,43131.09500676866,30.683415715985735,99.26356706858249,320.743635946218,1
0.11735570652407706,89629.46849681399,43131.49531410614,31.35193773915738,98.54067050066806,232.74572130595124,1
0.17417528992862935,89629.16852702376,43131.8953367688,32.00649933997782,97.81363263722702,193.34065287222222,1
0.22985592106579134,89628.86800704857,43132.294946288624,32.64794021067793,97.08235844840331,172.82938882277523,1
0.28447093821516456,89628.5667993608,43132.69403770305,33.2679962460282,96.34674947197358,160.47927244514025,1
0.33809709358568873,89628.26479515331,43133.09252672143,33.86342451546746,95.60670363792153,152.9183918670041,1
0.3908058514348408,89627.96191511006,43133.49035045795,34.43642065073606,94.86211508133897,148.48635781429718,1
0.4426601454762895,89627.65810777151,43133.887466497334,34.9888808898155,94.11287394269115,146.3502138027861,1
0.4940968873448662,89627.35334759876,43134.283851770284,35,93.35886615438828,146.0792591398099,1
0.5455254587734376,89627.04763282168,43134.679501264036,35,92.59997321249926,147.47094928649423,1
0.5969540302020091,89626.74098309963,43135.07442656499,35,91.83607193232473,150.48534462169383,1
0.6483826016305805,89626.43343712973,43135.4686543139,35,91.06703418641376,155.22737636635864,1
0.6998111730591519,89626.12505028285,43135.86222462197,35,90.29272662345937,161.97205570399007,1
0.7512397444877232,89625.81589236959,43136.255189521224,35,89.51301036634055,171.2236999393887,1
0.8026683159162946,89625.50604547122,43136.64761138746,35,88.72774068739004,183.89116729121818,1
0.854096887344866,89625.19560201252,43137.039561480735,35,87.9367666587547,201.66897849711816,1
0.9055254587734374,89624.88466308256,43137.43111862066,35,87.13993077547484,228.03310682715596,1
0.9569540302020088,89624.57333697403,43137.82236797997,35,86.33706854863729,271.50859382414205,1
1.0083826016305801,89624.26173793795,43138.213400003086,35,85.52800806564868,320.743635946218,1
1.0598111730591515,89623.9499851544,43138.60430945822,35,84.71256951432409,320.743635946218,1
1.111239744487723,89623.6382018831,43138.9951945979,35,83.89056466708738,320.743635946218,1
1.1626683159162943,89623.32651478649,43139.38615643281,35,83.06179632112249,298.5025638665197,1
1.2140968873448656,89623.01505343642,43139.77729813677,35,82.22605768979304,237.14808625189664,1
1.265525458773437,89622.70394996536,43140.16872455285,35,81.38313174004718,202.27277113143907,1
1.3169540302020084,89622.3933388451,43140.56054179014,35,80.53279046983504,179.05028817769394,1
1.3683826016305798,89622.08335678306,43140.95285690296,35,79.67479411876955,162.15980108613348,1
1.4198111730591512,89621.77414272877,43141.3457776429,35,78.80889030434045,149.1559538223266,1
1.4712397444877225,89621.4658379613,43141.73941227297,35,77.93481307492175,138.7350990547081,1
1.522668315916294,89621.15858626473,43142.133869442456,35,77.05228186956941,130.12997736581022,1
1.5740968873448653,89620.85253418221,43142.52925811045,35,76.1610003731527,122.85556630454055,1
1.6255254587734367,89620.54783134133,43142.92568751022,35,75.2606552536616,116.5881452105736,1
1.676954030202008,89620.24463084813,43143.323267149106,35,74.35091476653261,111.1021820852623,1
1.7283826016305794,89619.94308975176,43143.72210683833,35,73.4314272084763,106.23498258350939,1
1.7798111730591508,89619.64336958456,43144.1223167487,35,72.501819200497,101.86630270084068,1
1.8312397444877222,89619.34563695244,43144.524007485474,35,71.56169377647572,97.90481993606706,1
1.8826683159162936,89619.05006419968,43144.92729017854,35,70.61062824972537,94.2797727761984,1
1.934096887344865,89618.75683015322,43145.332276584224,35,69.64817182517955,90.93541504153532,1
1.9855254587734363,89618.46612095,43145.73907919501,35,68.6738429191592,87.82718300437206,1
2.0369540302020077,89618.17813095529,43146.14781135206,35,67.68712614174652,84.91897701863947,1
2.0883826016305793,89617.89306378219,43146.55858735694,35,66.68746888838919,82.18121225610957,1
2.139811173059151,89617.61113342555,43146.97152257749,35,65.67427747708466,79.589416045925,1
2.1912397444877225,89617.33256552306,43147.386733541156,35,64.64691275487037,77.12312907125967,1
2.242668315916294,89617.05759876441,43147.80433801043,35,63.604685081742474,74.76516866904433,1
2.2940968873448657,89616.78648646224,43148.224455030366,35,62.54684858071889,72.5009798190814,1
2.3455254587734373,89616.51949831119,43148.64720493908,35,61.47259451846914,70.31811413763182,1
2.396954030202009,89616.25692237049,43149.07270932922,35,60.38104365030636,68.2059159805193,1
2.4483826016305805,89615.99906729643,43149.50109094216,35,59.271237324441245,66.15519449283367,1
2.499811173059152,89615.746264868,43149.93247347664,35,58.142127090605804,64.15802066465798,1
2.5512397444877237,89615.49887284746,43150.366981283514,35,56.99256249387493,62.20753816283812,1
2.6026683159162953,89615.25727822907,43150.804738912746,35,55.82127665077292,60.297806317043474,1
2.654096887344867,89615.02190093903,43151.24587046974,35,54.62686909459361,58.42371336260494,1
2.7055254587734385,89614.79319805147,43151.69049872202,35,53.40778523042256,56.58084215840891,1
2.75695403020201,89614.57166861244,43152.138743883945,35,52.162291543463745,54.76538137458695,1
2.8083826016305817,89614.35785917759,43152.59072197772,35,50.8884454362916,52.97417900085641,1
2.8598111730591533,89614.15237013513,43153.04654264675,35,49.58405820100146,51.20467838005324,1
2.911239744487725,89613.95586293361,43153.50630625709,35,48.24664911486099,49.4549217047784,1
2.9626683159162965,89613.76906832257,43153.97010007459,35,46.87338791228229,47.72357004497637,1
3.014096887344868,89613.59279570497,43154.43799324905,35,45.46102182096773,46.00978119536572,1
3.0655254587734397,89613.42794378118,43154.91003022234,35,44.00578177836118,44.31277713649961,1
3.1169540302020113,89613.27551291748,43155.38622192509,35,42.50326007412095,42.63353556099135,1
3.168382601630583,89613.13661817426,43155.866534506364,35,40.94824800152642,40.9737303464186,1
3.2198111730591545,89613.01250343594,43156.35087474952,35,39.33451628377039,39.33451628377039,1
3.271239744487726,89612.90455761478,43156.8390703614,35,37.71986297585519,37.71986297585519,1
3.3226683159162977,89612.81432934277,43157.33084549449,35,36.13406831571611,36.13406831571611,1
3.3740968873448693,89612.74354118694,43157.825788797985,35,34.58277220077505,34.58277220077505,1
3.425833831507032,89612.69410048764,43158.32331292836,34.58277220077505,33.07377841294524,33.07377841294524,0
3.4790437567447805,89612.6681024946,43158.82260464131,33.07377841294524,31.616554142576703,31.616554142576703,0
3.5346934938505563,89612.66782137679,43159.32256489158,31.616554142576703,30.2225964952182,30.2225964952182,0
3.5929090411675944,89612.69568165383,43159.821738587285,30.2225964952182,28.906140591877286,28.906140591877286,0
3.653793142153842,89612.75419948257,43160.31824094451,28.906140591877286,27.683496565137666,27.683496565137666,0
3.7174090298120603,89612.84588442712,43160.809687096626,27.683496565137666,26.573227467470705,26.573227467470705,0
3.783760252894316,89612.97309194943,43161.293141978924,26.573227467470705,25.59541636775119,25.59541636775119,0
3.85276722212608,89613.13782483648,43161.765113853166,25.59541636775119,24.77046938650321,24.77046938650321,0
3.9242441741559744,89613.34149599975,43162.22161867149,24.77046938650321,24.11735701492925,24.11735701492925,0
3.997882138143969,89613.58468572889,43162.65833751227,24.11735701492925,23.651341226016083,23.651341226016083,0
4.073245297128156,89613.86694661214,43163.07086979295,23.651341226016083,23.381589852611203,23.381589852611203,0
4.149787411715522,89614.18671542844,43163.45505249004,23.381589852611203,23.30936356824051,23.30936356824051,0
4.226890142249876,89614.54137176657,43163.807284012255,23.30936356824051,23.426578438163684,23.426578438163684,0
4.303918652759126,89614.92744271882,43164.12477762983,23.426578438163684,23.716153279977096,23.716153279977096,0
4.380282492290612,89615.3409043749,43164.40568883733,23.716153279977096,24.15377330625753,24.15377330625753,0
4.455486284247861,89615.77750657203,43164.649104756536,24.15377330625753,24.7096334309197,24.7096334309197,0
4.529161049074706,89616.23305506965,43164.854921469414,24.7096334309197,25.351448248632106,25.351448248632106,0
4.601073198777026,89616.70361214243,43165.0236605595,25.351448248632106,26.046904893251074,26.046904893251074,0
4.671114353404342,89617.1856097633,43165.1562735615,26.046904893251074,26.765463285362777,26.765463285362777,0
4.739280204021466,89617.6758890565,43165.25396669445,26.765463285362777,27.480009387556876,27.480009387556876,0
4.805645189385437,89618.17168919215,43165.31806279875,27.480009387556876,28.167694721714547,28.167694721714547,0
4.870337885294885,89618.67060732668,43165.34990282316,28.167694721714547,28.810469181269294,28.810469181269294,0
4.933519984425521,89619.17054544349,43165.35078229571,28.810469181269294,29.39529056426172,29.39529056426172,0
4.995369533606544,89619.66965497295,43165.32191566372,29.39529056426172,29.914026368923007,29.914026368923007,0
5.0560682599812825,89620.16628537934,43165.264421144355,29.914026368923007,30.363199819416508,30.363199819416508,0
5.115792308807809,89620.65893959405,43165.17931997854,30.363199819416508,30.74358003508536,30.74358003508536,0
5.174705575201028,89621.14623746341,43165.06754540713,30.74358003508536,31.059663088946635,31.059663088946635,0
5.232954945590462,89621.62688738214,43164.92995794574,31.059663088946635,31.31905728071691,31.31905728071691,0
5.290666934208792,89622.0996658675,43164.76736442838,31.31905728071691,31.531855232983524,31.531855232983524,0
5.3479453388654505,89622.56340458912,43164.580538974704,31.531855232983524,31.71000659790719,31.71000659790719,0
5.404869659177627,89623.01698430625,43164.37024442034,31.71000659790719,31.86672335337949,31.86672335337949,0
5.4614941506033166,89623.45933510996,43164.13725295459,31.86672335337949,32.01594501184104,32.01594501184104,0
5.517847463514709,89623.88944226128,43163.882364819074,32.01594501184104,32.171884028641756,32.171884028641756,0
5.573932862472968,89624.30635675613,43163.60642400195,32.171884028641756,32.348664752314235,32.348664752314235,0
5.629729040094175,89624.70920954352,43163.310329975924,32.348664752314235,32.56006770053961,32.56006770053961,0
5.6851915312561285,89625.09722811413,43162.99504472003,32.56006770053961,32.81938708788078,32.81938708788078,0
5.740254700743397,89625.46975401144,43162.6615945547,32.81938708788078,33.139413522760606,33.139413522760606,0
5.794834225638809,89625.82625975525,43162.31106670115,33.139413522760606,33.53255727931072,33.53255727931072,0
5.84882992963093,89626.16636375025,43161.94460091157,33.53255727931072,34.01113118064191,34.01113118064191,0
5.902128766014946,89626.48984199435,43161.56337694267,34.01113118064191,34.587827739983666,34.587827739983666,0
5.954614651414574,89626.79663578847,43161.16859899901,34.57873774487158,35.276444049171566,35.276444049171566,1
6.006354595493472,89627.08685513213,43160.76147849524,35,36.09294211003177,36.09294211003177,1
6.057783166922044,89627.36077799652,43160.343216546724,35,37.0569967303972,37.0569967303972,1
6.1092117383506155,89627.61884612928,43159.914987500546,35,38.194289656507046,38.194289656507046,1
6.160640309779187,89627.86165839965,43159.47792459582,35,39.540020395870926,39.540020395870926,1
6.212068881207759,89628.0899629134,43159.03310854843,35,41.14450495412765,41.14450495412765,1
6.26349745263633,89628.30464920327,43158.58155955118,35,43.08256294689079,43.08256294689079,1
6.314926024064902,89628.50674174874,43158.124232913346,35,44.533597799073895,45.470227780899116,1
6.3663545954934735,89628.69739591036,43157.66201837166,35,43.04860996909915,48.49670768651477,1
6.417783166922045,89628.87789706477,43157.1957429925,35,41.51310689755445,52.49134116882021,1
6.469211738350617,89629.04966321871,43156.72617753723,35,39.92125566318965,58.0818444936565,1
6.520640309779188,89629.21425042271,43156.2540461021,35,38.266020147258104,66.63891311077927,1
6.57206888120776,89629.37335833725,43155.78003858509,35,36.5387825021955,81.92327222646927,1
6.6234974526363315,89629.52882900002,43155.30482459141,35,34.72879627484065,120.73876804010942,1
6.67512605075253,89629.6826220495,43154.82906450184,34.72879627484065,32.82236951883818,280.5090957946437,0
6.728418987413245,89629.8367260517,43154.35340513972,32.82236951883818,30.801594581488885,108.46978838796778,0
6.7850014410673944,89629.99290794977,43153.878424507806,30.801594581488885,28.642273071283764,90.843792622262,0
6.845562776359851,89630.15204732689,43153.40442661274,28.642273071283764,26.31030838630241,144.5750309497879,0
6.911073802493875,89630.31235284114,43152.9308213563,26.31030838630241,23.754903581755897,54.01287252718855,0
6.982980019575245,89630.46427510965,43152.45449003319,23.754903581755897,20.894229131205293,24.548780635576783,0
7.063608685380324,89630.57495370458,43151.96733653921,20.894229131205293,17.579877197700554,17.579877197700554,0
7.157178110209181,89630.60338583596,43151.469131610174,17.579877197700554,30.00386049787158,33.393206840469574,0
7.256345747798833,89630.65432528932,43150.97586522106,18.722288382733343,27.784041064420737,27.784041064420737,1
7.349800830527088,89630.73747193736,43150.48831929037,19.798890935762838,29.00091064778737,29.00091064778737,1
7.438429769110939,89630.8500818073,43150.00618977838,20.819896308248797,30.53842257329419,30.53842257329419,1
7.522910998232045,89630.98941092631,43149.529172645394,21.79312006772394,32.42026167113998,32.42026167113998,1
7.603777487886793,89631.15271532163,43149.056963851646,22.724702028546645,34.6912790232249,34.6912790232249,1
7.68145699066351,89631.33725102048,43148.589259357446,23.61956990053443,37.43034378185898,37.43034378185898,1
7.756299011810347,89631.54027405007,43148.12575512304,24.48174998414599,40.77386390109673,40.77386390109673,1
7.828593492695867,89631.75904043764,43147.666147108735,25.314582403947178,44.963102313742716,44.963102313742716,1
7.898584122114841,89631.99080621038,43147.210131274776,26.120874454853766,50.45094717966226,50.45094717966226,1
7.9664780507920785,89632.2328273955,43146.75740358147,26.903012513215543,56.43095553585872,58.1834791191649,1
8.032453130097904,89632.48236002025,43146.307659989056,27.66304542681865,55.24871195712209,70.54078075259707,1
8.096663405082863,89632.73666011184,43145.86059645784,28.402747794645364,54.042618219042204,96.16690994753853,1
8.159243350355798,89632.99298369746,43145.415908948075,29.123668764189585,52.81103690754982,256.1343851310193,1
8.220311183538579,89633.24858680436,43144.97329342006,29.827170202455214,51.55213790685663,112.15991469609881,1
8.279971490536212,89633.50072545974,43144.53244583405,30.51445693906795,50.26386514293674,74.95903369700707,1
8.338317329650105,89633.74665613179,43144.09306224365,31.186601005659988,48.943895568714396,127.05345337381983,1
8.39543193566718,89633.98942022589,43143.656063494695,31.8445612669767,47.58958805793226,47.58958805793226,1
8.451390113126218,89634.24212214325,43143.22456040351,32.48919947130481,47.058703376068074,47.581516034245354,1
8.506263996742453,89634.50452527021,43142.79897003524,33.11577985140803,45.65175755093658,45.65175755093658,1
8.56012967418771,89634.77735808963,43142.37997522699,33.7171306537768,44.28982088078485,44.28982088078485,1
8.61306099383504,89635.06108216452,43141.96827971642,34.29553224573253,42.873084631513194,42.873084631513194,1
8.665122874074495,89635.35621365152,43141.56468604924,34.85294997277428,41.472297076764704,41.472297076764704,1
8.716659709689928,89635.66328052321,43141.17009970457,35,40.09204231357534,40.09204231357534,1
8.7680882811185,89635.98281397861,43140.78554238708,35,38.73432251640949,38.73432251640949,1
8.819516852547071,89636.31533957884,43140.41216628086,35,37.40276867959216,37.40276867959216,1
8.870945423975643,89636.66136377736,43140.051269039315,35,36.10127706477395,36.10127706477395,1
8.922373995404214,89637.02135587239,43139.70430919758,35,34.834412244366646,34.834412244366646,1
8.973924511608214,89637.39572464125,43139.37292029407,34.834412244366646,33.606973781836786,33.606973781836786,0
9.026524264608858,89637.78478853226,43139.05892317897,33.606973781836786,32.424167734810894,32.424167734810894,0
9.081043994501645,89638.18873862695,43138.76433429686,32.424167734810894,31.29150672941692,31.29150672941692,0
9.13754500512849,89638.60759396099,43138.49136750249,31.29150672941692,30.214660316268304,30.214660316268304,0
9.196075721200035,89639.04114946743,43138.24242646218,30.214660316268304,29.199278452489338,29.199278452489338,0
9.256667563360365,89639.48891756943,43138.02008443742,29.199278452489338,28.250723288392276,28.250723288392276,0
9.3193307468401,89639.95006654033,43137.82704795466,28.250723288392276,27.373777446239277,27.373777446239277,0
9.384050428858902,89640.42335941974,43137.666102065254,27.373777446239277,26.57224981902812,26.57224981902812,0
9.450783795197406,89640.9070997185,43137.540036079336,26.57224981902812,25.848701347840795,25.848701347840795,0
9.519458626917652,89641.39909037824,43137.45155104747,25.848701347840795,25.20411517904889,25.20411517904889,0
9.58997383538032,89641.89661325455,43137.4031530823,25.20411517904889,24.6378505120791,24.6378505120791,0
9.66220212634118,89642.39643440986,43137.39703904168,24.6378505120791,24.14781187602902,24.14781187602902,0
9.735994298544576,89642.89483848152,43137.4349824774,24.14781187602902,23.73089059895158,23.73089059895158,0
9.811184306082504,89643.38769264058,43137.51822780134,23.73089059895158,23.383791742328157,23.383791742328157,0
9.887593608259754,89643.87053816776,43137.64739874075,23.383791742328157,23.10392891422446,23.10392891422446,0
9.96503341277494,89644.33870697608,43137.82242560486,23.10392891422446,22.890365523203638,22.890365523203638,0
10.043303990550571,89644.78746021865,43138.04249459584,22.890365523203638,22.744359014627342,22.744359014627342,0
10.12219128605765,89645.21214591582,43138.30602362015,22.744359014627342,22.669455094557968,22.669455094557968,0
10.201462320006588,89645.60837040914,43138.610670782524,22.669455094557968,22.67090512839967,22.67090512839967,0
10.280861777406072,89645.97217389691,43138.95338333463,22.67090512839967,22.75459272986339,22.75459272986339,0
10.36011242230231,89646.30019439518,43139.330492800174,22.75459272986339,22.925722561748728,22.925722561748728,0
10.438920985181495,89646.58980034769,43139.73785555157,22.925722561748728,23.18762690708329,23.18762690708329,0
10.516989484682561,89646.83917304195,43140.171028556346,23.18762690708329,23.5409949274732,23.5409949274732,0
10.594030061927613,89647.04732725781,43140.62546115367,23.5409949274732,23.98368331994299,23.98368331994299,0
10.669780180240002,89647.2140701389,43141.09667964731,23.98368331994299,24.511090713218834,24.511090713218834,0
10.744014983304313,89647.33990975693,43141.58044403234,24.511090713218834,25.116941381961173,25.116941381961173,0
10.816554631725102,89647.42593211426,43142.07286388157,25.116941381961173,25.794258283355983,25.794258283355983,0
10.88726598843376,89647.47366669781,43142.570469837985,25.794258283355983,26.536321453129812,26.536321453129812,0
10.956059417020413,89647.4849572117,43143.070244958464,26.536321453129812,27.337469582902745,27.337469582902745,0
11.022920620114213,89647.46184826843,43143.56962462949,27.306562512770398,28.193684212426096,28.193684212426096,1
11.08794690502463,89647.40649299255,43144.06647498335,28.055665314938402,29.10295990336994,29.10295990336994,1
11.15128153057155,89647.32108203688,43144.55905882322,28.785280201238926,30.065486306618013,30.065486306618013,1
11.213050031173594,89647.20779181077,43145.04599579037,29.496853328174478,31.083748772510877,31.083748772510877,1
11.273363142969911,89647.06874857868,43145.526221556116,30.191660376068054,32.162579814939356,32.162579814939356,1
11.33231913667391,89646.90600490787,43145.99894874262,30.87083342353811,33.30925961693896,33.30925961693896,1
11.390005697867629,89646.72152529753,43146.463631139486,31.53538260848975,34.53372316243649,34.53372316243649,1
11.446501457627472,89646.5171784873,43146.919931633776,32.18621376092314,35.848941685303615,35.848941685303615,1
11.50187724981853,89646.29473447759,43147.36769399905,32.82414288696413,37.27156522427354,37.27156522427354,1
11.55620768235391,89646.0558648635,43147.80691827817,33.43706343889562,38.822938079981554,38.822938079981554,1
11.609570212378594,89645.80214549204,43148.23773941999,34.026004716507444,40.53066355965282,40.53066355965282,1
11.662033756856786,89645.53506075816,43148.66040880992,34.59307231700231,42.43100389269586,42.43100389269586,1
11.713763043697316,89645.25600907281,43149.07527834689,35,44.57261769423429,44.57261769423429,1
11.765191615125888,89644.96630918395,43149.48278675485,35,47.02252652203519,47.02252652203519,1
11.81662018655446,89644.66720711642,43149.883447860455,35,49.876064257359694,49.876064257359694,1
11.868048757983031,89644.35988362078,43150.27784054057,35,53.27422563460635,53.27422563460635,1
11.919477329411603,89644.04546199374,43150.66660013234,35,57.43602038040168,57.43602038040168,1
11.970905900840174,89643.72501615739,43151.05041110927,35,62.72410097986329,62.72410097986329,1
12.022334472268746,89643.39957904327,43151.43000068802,35,63.6255272583893,69.79311571620639,1
12.073763043697317,89643.0701510874,43151.806133279555,35,62.568008311569464,79.98198984981788,1
12.125191615125889,89642.7377089208,43152.17960538554,35,61.494088519368084,96.63007389477427,1
12.17662018655446,89642.40321407965,43152.55124081799,35,60.402890119135506,131.8995086912033,1
12.228048757983032,89642.06762173258,43152.921885835975,35,59.29345613135513,320.743635946218,1
12.279477329411604,89641.73188925242,43153.29240397026,35,58.16474000082705,151.83078234178967,1
12.330905900840175,89641.39698449174,43153.663670170645,35,57.015593430127055,102.7320835261765,1
12.382334472268747,89641.06389349228,43154.036563915666,35,55.84475200432086,82.54745490507149,1
12.433763043697319,89640.73362730359,43154.41196095485,35,54.65081809636373,70.83434469170838,1
12.48519161512589,89640.40722747265,43154.79072333859,35,53.432240397016805,62.96687999412364,1
12.536620186554462,89640.08576962657,43155.17368746854,35,52.18728921740129,57.23991233815312,1
12.588048757983033,89639.77036425442,43155.561650086864,35,50.914026445999795,52.86737750570916,1
12.639477329411605,89639.46215076341,43155.955352971345,35,49.61026867466891,49.61026867466891,1
12.690905900840177,89639.16217766031,43156.35548576056,35,50.45863577617042,50.45863577617042,1
12.742334472268748,89638.86967402374,43156.76256009316,35,53.10426027622257,53.10426027622257,1
12.79376304369732,89638.58385366431,43157.17610896559,35,56.005135492033055,56.005135492033055,1
12.845191615125891,89638.30409876614,43157.59552284941,35,59.37365277383958,59.37365277383958,1
12.896620186554463,89638.02979151333,43158.02019221617,35,63.348102361866204,63.348102361866204,1
12.948048757983035,89637.76031408997,43158.44950753744,35,68.13861893982707,68.13861893982707,1
12.999477329411606,89637.49504868018,43158.88285928478,35,68.38001149219808,74.0812354784794,1
13.050905900840178,89637.23337746809,43159.31963792976,35,67.38948357253956,81.75189016805106,1
13.10233447226875,89636.97468263777,43159.75923394393,35,66.38584208460136,92.23904083381477,1
13.153763043697321,89636.71834637335,43160.20103779884,35,65.3684802316397,107.9254474265785,1
13.205191615125893,89636.46375085891,43160.64443996609,35,64.3367443154016,135.49679810148666,1
13.256620186554464,89636.21027827862,43161.08883091721,35,63.28992851318973,207.30919098243965,1
13.308048757983036,89635.95731081652,43161.53360112375,35,62.227268883318956,320.743635946218,1
13.359477329411607,89635.70423065675,43161.978141057305,35,61.14793645496654,160.00496113944172,1
13.410905900840179,89635.4504199834,43162.421841189425,35,60.051029225547154,119.15526165729196,1
13.46233447226875,89635.1952609806,43162.86409199166,35,58.93556284690216,98.96468102963874,1
13.513763043697322,89634.93813583245,43163.304283935584,35,57.80045972789622,86.32739897771991,1
13.565191615125894,89634.67842672304,43163.74180749274,35,56.64453621151107,77.43342389222565,1
13.616620186554465,89634.41551583649,43164.17605313471,35,55.46648739372284,70.71455915687791,1
13.668048757983037,89634.14878535691,43164.60641133306,35,54.264869031634994,65.39278981091803,1
13.719477329411609,89633.87761746842,43165.03227255932,35,53.03807582853714,61.03363476811992,1
13.77090590084018,89633.6013943551,43165.45302728508,35,51.784315167941344,57.37381717907275,1
13.822334472268752,89633.31949820105,43165.8680659819,35,50.50157507403098,54.244078003589344,1
13.873763043697323,89633.03131119041,43166.27677912131,35,49.187584767848165,51.53069816111089,1
13.925191615125895,89632.73621550728,43166.67855717491,35,47.839765614700006,49.154698102395194,1
13.976620186554467,89632.43359333577,43167.072790614235,35,46.45516943800598,47.059852277711414,1
14.028048757983038,89632.12282685997,43167.45886991087,35,45.03039998089262,45.20541504352499,1
14.07947732941161,89631.80329826397,43167.83618553636,35,43.56151152379279,43.56151152379279,1
14.130905900840181,89631.47438973194,43168.204127962264,35,42.10610513131912,42.10610513131912,1
14.182334472268753,89631.13548344793,43168.56208766015,35,40.82293810215872,40.82293810215872,1
14.233763043697325,89630.78596159609,43168.90945510158,35,39.70008796824048,39.70008796824048,1
14.285191615125896,89630.42520636047,43169.24562075811,35,38.72892992727781,38.72892992727781,1
14.336620186554468,89630.05259992523,43169.569975101316,35,37.90336814757847,37.90336814757847,1
14.38804875798304,89629.66752447445,43169.88190860274,35,37.21925436843617,37.21925436843617,1
14.439477329411611,89629.26936219227,43170.180811733946,35,47.34810661193966,47.34810661193966,1
14.490905900840183,89628.86272199954,43170.471765070826,35,57.86675148299831,57.86675148299831,1
14.542334472268754,89628.4606240197,43170.76891187683,35,59.39911081544807,59.65021976611924,1
14.593763043697326,89628.06284806071,43171.071852052,35,58.272264382263785,58.52100542201015,1
14.645191615125897,89627.66966739883,43171.380731973906,35,57.12510075385543,57.954804823329965,1
14.696620186554469,89627.28126340146,43171.69559662844,35,55.95636717355076,57.19700821066031,1
14.74804875798304,89626.89785801317,43172.01652897859,35,54.76467942099671,56.24192253993173,1
14.799477329411612,89626.51972221397,43172.343653306576,35,53.54850169401961,55.13261118256203,1
14.850905900840184,89626.14717636557,43172.677129395866,35,52.30612235373415,53.88761439208352,1
14.902334472268755,89625.78059608533,43173.01715172018,35,51.035624443630056,52.52790766098733,1
14.953763043697327,89625.42041841534,43173.36394827748,35,49.73484953732095,51.07020805504385,1
15.005191615125899,89625.06715038787,43173.717779931874,35,48.401352972172354,49.53357357468314,1
15.05662018655447,89624.72137796755,43174.078938931285,35,47.032347819893864,47.93302019092291,1
15.108048757983042,89624.38377793775,43174.44774725957,35,45.6246339252748,46.285808117491456,1
15.159477329411613,89624.05513027826,43174.8245534369,35,44.17450684252888,44.60602503523736,1
15.210905900840185,89623.73633374629,43175.2097279506,35,42.677639239764126,42.909247317244784,1
15.262334472268757,89623.42842226545,43175.603655898754,35,41.12892386171583,41.209932927106415,1
15.313763043697328,89623.13258333356,43176.006726264946,35,39.522261631891624,39.522261631891624,1
15.3651916151259,89622.85017771008,43176.41931625375,35,37.8612032437664,37.8612032437664,1
15.416620186554471,89622.5827581847,43176.84176928277,35,36.24155550927206,36.24155550927206,1
15.468048757983043,89622.33208643712,43177.27436489362,35,34.678607251995665,34.678607251995665,1
15.51971454382432,89622.10014435399,43177.71727879817,34.678607251995665,33.18826532708933,33.18826532708933,0
15.572759569522313,89621.88913497618,43178.17053189864,33.18826532708933,31.78699625834253,31.78699625834253,0
15.628165271818203,89621.70146679052,43178.63392838097,31.78699625834253,30.49165615395537,30.49165615395537,0
15.685969990779801,89621.53971386592,43179.10698530835,30.49165615395537,29.319136798574558,29.319136798574558,0
15.74615979636986,89621.40654431042,43179.58885983463,29.319136798574558,28.285716143515536,28.285716143515536,0
15.8086545310343,89621.30461207221,43180.078284819516,28.285716143515536,27.40603912334962,27.40603912334962,0
15.87329605620709,89621.23641342101,43180.57352801718,27.40603912334962,26.691750235062727,26.691750235062727,0
15.93984221350289,89621.20411961603,43181.07239149209,26.691750235062727,26.149980903182726,26.149980903182726,0
16.007970185892393,89621.20940868993,43181.572263675516,26.149980903182726,25.782031534242964,25.782031534242964,0
16.07729158960918,89621.25332677062,43182.07022569166,25.782031534242964,25.58171892129169,25.58171892129169,0
16.147379929500104,89621.33621046542,43182.56319903139,25.58171892129169,25.535229252011497,25.535229252011497,0
16.217806669136337,89621.4576870544,43183.0481071484,25.535229252011497,25.6212800023271,25.6212800023271,0
16.288178945362255,89621.61675083535,43183.52201991922,25.6212800023271,25.811889936182595,25.811889936182595,0
16.35817268683889,89621.81189583852,43183.98225530576,25.811889936182595,26.07481146397442,26.07481146397442,0
16.42755462677445,89622.04127233165,43184.42642754189,26.07481146397442,26.375246590299547,26.375246590299547,0
16.496191347753385,89622.30283874439,43184.85244394413,26.375246590299547,26.678935364379875,26.678935364379875,0
16.5640465076553,89622.59448659515,43185.258464320104,26.678935364379875,26.954325934354205,26.954325934354205,0
16.631169034102985,89622.9141287827,43185.642838036896,26.954325934354205,27.175078984303852,27.175078984303852,0
16.697676323540396,89623.2597497577,43186.004034321595,27.175078984303852,27.32186647002312,27.32186647002312,0
16.763735071787433,89623.62942157553,43186.3405764794,27.32186647002312,27.383716049629992,27.383716049629992,0
16.829541884075862,89624.02129229905,43186.65098813219,27.383716049629992,27.35873253942559,27.35873253942559,0
16.895304379046166,89624.43355320442,43186.93375684718,27.35873253942559,27.25408602519322,27.25408602519322,0
16.9612229691248,89624.86439122647,43187.1873194715,27.25408602519322,27.085392306611375,27.085392306611375,0
17.027473145065354,89625.31193305244,43187.4100730898,27.085392306611375,26.8755222182875,26.8755222182875,0
17.094188100356536,89625.77418818338,43187.60041500638,26.8755222182875,26.652974671488657,26.652974671488657,0
17.161441997050346,89626.24899997153,43187.756813617576,26.652974671488657,26.449968886653757,26.449968886653757,0
17.229234849174606,89626.73401555448,43187.87790859817,26.449968886653757,26.300448361073194,26.300448361073194,0
17.297480754853297,89627.2266860625,43187.962633054165,26.300448361073194,26.238014185287636,26.238014185287636,0
17.366001983407013,89627.72430660475,43188.01034270095,26.238014185287636,26.29423995540381,26.29423995540381,0
17.434531309987186,89628.2240988605,43188.0209308833,26.29423995540381,26.497124931476375,26.497124931476375,0
17.502724280707188,89628.72332959814,43187.99490523739,26.497124931476375,26.870543139443093,26.870543139443093,0
17.57018085376217,89629.21944769473,43187.9334076869,26.870543139443093,27.433903136804826,27.433903136804826,0
17.636473768005082,89629.71021551435,43187.83816992385,27.433903136804826,28.20353520248429,28.20353520248429,0
17.701206223896357,89630.19381203128,43187.71141378921,28.17962102867229,29.193830715322758,29.193830715322758,1
17.764269271406295,89630.66889156016,43187.55571548846,28.906107335986793,30.42065623562889,30.42065623562889,1
17.825785771290732,89631.13459633695,43187.37386032957,29.6147774146555,31.904416885189736,31.904416885189736,1
17.88586421521103,89631.5905287551,43187.1687091594,30.30688108861731,33.67534098812019,33.67534098812019,1
17.94460097388683,89632.03669710332,43186.943091497,30.983528548562536,35.78053226959455,35.78053226959455,1
18.002082112263267,89632.47344890563,43186.699730738714,31.645711262659113,38.29500611381619,38.29500611381619,1
18.058384869452727,89632.9014029067,43186.441200330075,32.29431902548171,41.34106668066148,41.34106668066148,1
18.113579822069248,89633.32138738579,43186.16990604367,32.92903617896517,45.125333888516295,45.125333888516295,1
18.16774220293178,89633.73438877301,43185.88808803451,33.53776130427503,50.01826005742638,50.01826005742638,1
18.220948908217416,89634.14151153782,43185.597836923465,34.12288373423578,50.88210841762215,56.75053835186181,1
18.273267386215583,89634.54394870205,43185.30111933342,34.686457396178,49.57756514430506,67.00569021238951,1
18.324927351932214,89634.94296141258,43184.999809682384,35,48.23998701166446,85.91670053230608,1
18.376355923360784,89635.33986560754,43184.69572629568,35,46.8665418697066,144.87524174358734,1
18.427784494789353,89635.7360236613,43184.3906708974,35,45.45397465675326,154.39559072077196,1
18.479213066217923,89636.13283879342,43184.086471244016,35,43.998513496735534,86.19156348884283,1
18.530641637646493,89636.53174981642,43183.78502705391,35,42.495747176665944,65.69720836464148,1
18.582070209075063,89636.93422337355,43183.48835942572,35,40.940462564788426,54.67135418583501,1
18.633498780503633,89637.34174010165,43183.19866350136,35,39.3264246992713,47.430139425831705,1
18.684927351932203,89637.75577013423,43182.9183629826,35,37.64607272297729,42.1604042363237,1
18.736355923360772,89638.17773216231,43182.65016288439,35,35.89008861285039,38.08931095884477,1
18.787784494789342,89638.60892932041,43182.397093152955,35,34.046766921938854,34.833347500124404,1
18.83992306927278,89639.05045543905,43182.16253018511,34.046766921938854,32.101060330138324,32.186104362748104,0
18.89434662556407,89639.50306845992,43181.95017631363,32.101060330138324,30.033070471035405,30.033070471035405,0
18.952285796090486,89639.96703623717,43181.76397121444,30.033070471035405,28.31171000175234,28.31171000175234,0
19.013987973574537,89640.44197598704,43181.607909058475,28.31171000175234,26.98960514958858,26.98960514958858,0
19.079085882912644,89640.9267295066,43181.48575042636,26.98960514958858,26.050834362653145,26.050834362653145,0
19.146958623657355,89641.41933055333,43181.40065306759,26.050834362653145,25.486483635982086,25.486483635982086,0
19.21681091981478,89641.91711347095,43181.35479288235,25.486483635982086,25.2867606931724,25.2867606931724,0
19.28771440545107,89642.41697172221,43181.34908410922,25.2867606931724,25.436752362409013,25.436752362409013,0
19.35868740757841,89642.91571023424,43181.38309226488,25.436752362409013,25.914899546983655,25.914899546983655,0
19.42879226041454,89643.41039415816,43181.45516636514,25.914899546983655,26.693391309697592,26.693391309697592,0
19.497222539014682,89643.89860311407,43181.56273734608,26.693391309697592,27.74149058828653,27.74149058828653,0
19.56370131920743,89644.37854968406,43181.70267988838,27.459226857518022,29.029892047413174,29.029892047413174,1
19.62837565457743,89644.84907729589,43181.87164336924,28.204275200980415,30.535347794624013,30.535347794624013,1
19.691384960540507,89645.3095821947,43182.066299175895,28.930142405675067,32.2464605803555,32.2464605803555,1
19.752851574225993,89645.7599064639,43182.283492155526,29.63823779533188,34.17227969156864,34.17227969156864,1
19.812883547334042,89646.20023628518,43182.52030839326,30.329806125536628,36.35852569570203,36.35852569570203,1
19.871576877849932,89646.63102559406,43182.77407817722,31.005953293079685,38.924204081684366,38.924204081684366,1
19.92901731255548,89647.05295703623,43183.042327412266,31.667667100887602,42.15451692535381,42.15451692535381,1
19.985281817110245,89647.46695161848,43183.32267869884,32.31583419335851,47.1024458301339,47.1024458301339,1
20.04044114461154,89647.87433931313,43183.61255469535,32.94964606318906,48.759376986338495,102.95990256488685,1
20.09457062439609,89648.28306281194,43183.900404330176,33.55755138871065,47.400110224572224,56.171637795712684,1
20.14774680943047,89648.69640949956,43184.18154445968,34.14192719691428,46.00303094257634,61.22082361051138,1
20.200036863515923,89649.11363798569,43184.45702767897,34.704817427157394,44.56457910605501,67.94249328466829,1
20.251683222159098,89649.53400688001,43184.727906583175,35,43.08060656337315,77.49900814033552,1
20.303111793587668,89649.9567747922,43184.9952337674,35,41.54623156154728,92.66534588060642,1
20.354540365016238,89650.38120033195,43185.26006182675,35,39.955643467823734,122.62771129063518,1
20.405968936444808,89650.80654210893,43185.52344335636,35,38.301835139679255,245.54864045790373,1
20.457397507873377,89651.23205873287,43185.78643095133,35,36.576227214853574,183.95096502936738,1
20.508826079301947,89651.65706042238,43186.04999425999,35,34.76812566142176,46.40278799654262,1
20.560425573567716,89652.08811996592,43186.30326099119,34.76812566142176,32.86391212733713,32.86391212733713,0
20.61365478442255,89652.5307502775,43186.53571925921,32.86391212733713,31.96871033834621,31.96871033834621,0
20.66918238554505,89652.98451018897,43186.745611826125,31.96871033834621,31.01929659229951,31.01929659229951,0
20.72633612282656,89653.44883111787,43186.93095551347,31.01929659229951,30.150218160456177,30.150218160456177,0
20.78518896830933,89653.92288453486,43187.08973999345,30.150218160456177,29.372059046969376,29.372059046969376,0
20.845670525280926,89654.4055504572,43187.21999192209,29.372059046969376,28.68832910465146,28.68832910465146,0
20.907674933356855,89654.89540249297,43187.31984083996,28.68832910465146,28.10023571075868,28.10023571075868,0
20.971067977567458,89655.39070870614,43187.38758866667,28.10023571075868,27.605989291262407,27.605989291262407,0
21.035692712053944,89655.88945014887,43187.42177522365,27.605989291262407,27.200141405731184,27.200141405731184,0
21.10137879414398,89656.3893560264,43187.42123123116,27.200141405731184,26.873139975803856,26.873139975803856,0
21.167955112577456,89656.88795075104,43187.385111221316,26.873139975803856,26.611111192513135,26.611111192513135,0
21.235264646157177,89657.38260514259,43187.31290163129,26.611111192513135,26.39610463840812,26.39610463840812,0
21.303179927946037,89657.87058233784,43187.20440394788,26.39610463840812,26.206779402490284,26.206779402490284,0
21.37161724018924,89658.3490694922,43187.05969744914,26.206779402490284,26.019650448441336,26.019650448441336,0
21.44054785655102,89658.8151886537,43186.87909006983,26.019650448441336,25.81094364427283,25.81094364427283,0
21.510004903359327,89659.2659837457,43186.6630684717,25.81094364427283,25.559003059546743,25.559003059546743,0
21.580084789187442,89659.69838470484,43186.41225938878,25.559003059546743,25.247110502511543,25.247110502511543,0
21.650942403509834,89660.10915418914,43186.12741422168,25.247110502511543,24.86647401542782,24.86647401542782,0
21.722779212523392,89660.49482720246,43185.80942819849,24.86647401542782,24.418968021905258,24.418968021905258,0
21.795823094269913,89660.85166024983,43185.45940388178,24.418968021905258,23.919117426341533,23.919117426341533,0
21.870298530494097,89661.17561480332,43185.078764987215,23.919117426341533,23.394768874293884,23.394768874293884,0
21.946386129325557,89661.46240889089,43184.669417322286,23.394768874293884,22.885986091488846,22.885986091488846,0
22.024172241558635,89661.70767547468,43184.23393601417,22.885986091488846,22.44187113814844,22.44187113814844,0
22.103593600079112,89661.90725716905,43183.77573098817,22.44187113814844,22.11538761147062,22.11538761147062,0
22.184388516575872,89662.05763080953,43183.29911561995,22.11538761147062,21.956767111149194,21.956767111149194,0
22.266072746054952,89662.15639108166,43182.8091990611,21.956767111149194,22.00665084100132,22.00665084100132,0
22.347959008945573,89662.20265657264,43182.31156659174,22.00665084100132,22.290550324703684,22.290550324703684,0
22.42922825181564,89662.19724785068,43181.81180161263,22.290550324703684,22.816028380156855,22.816028380156855,0
22.509039226253655,89662.14256017176,43181.314985925856,22.816028380156855,23.573145307337995,23.573145307337995,0
22.58664354023113,89662.04217826626,43180.82532741411,23.573145307337995,24.537564500046127,24.537564500046127,0
22.661627748718583,89661.90037283146,43180.345996035176,24.436963389113455,25.67490760066691,25.67490760066691,1
22.734050356048204,89661.72162534072,43179.879155781484,25.271271825550674,26.944964253250788,26.944964253250788,1
22.804157225497466,89661.51027030316,43179.4261223078,26.078902961606172,28.304848979874592,28.304848979874592,1
22.87215723884745,89661.27027596158,43178.987568729804,26.862263115397987,29.71091745466925,29.71091745466925,1
22.938229644971734,89661.00514132697,43178.563725491615,27.623417233949734,31.119666499516295,31.119666499516295,1
23.002529631202844,89660.71787285368,43178.15454779021,28.364153075332094,32.48803044032545,32.48803044032545,1
23.06519261617168,89660.41100726668,43177.75984429635,29.08603066217306,33.77346986054985,33.77346986054985,1
23.12633760541847,89660.08665635616,43177.37937128306,29.790420938296112,34.93413319932521,34.93413319932521,1
23.1860698483569,89659.74655868814,43177.012900021364,30.478536376946835,35.92929495110208,35.92929495110208,1
23.244482966555424,89659.39212999106,43176.660265557795,31.151455498593826,36.72015749548446,36.72015749548446,1
23.301660676493288,89659.0245083408,43176.32140390411,31.81014271707802,37.270994066567894,37.270994066567894,1
23.357678197413712,89658.64459280035,43175.99638341275,32.45546455808131,37.55067106833349,37.55067106833349,1
23.41260740075814,89658.2530756535,43175.68543508187,33.08344335992523,37.53425897910253,37.53425897910253,1
23.466524229320797,89657.85046906835,43175.3889860414,33.68606248770624,37.20453942234629,37.20453942234629,1
23.519503049375984,89657.43712757128,43175.10770057786,34.26562077458413,36.55353094343182,36.55353094343182,1
23.57160920977996,89657.0132684461,43174.84253344322,34.82409860004423,35.583234682042836,35.583234682042836,1
23.623167340456607,89656.57899300859,43174.59480180487,35,34.30628039067196,34.30628039067196,1
23.675110684980467,89656.13431385261,43174.366283968564,34.30628039067196,32.74604636888832,32.74604636888832,0
23.728800097025914,89655.67919683148,43174.15935599261,32.74604636888832,30.936651578469586,30.936651578469586,0
23.785330365309708,89655.21363391656,43173.97718067637,30.936651578469586,28.929736831502588,28.929736831502588,0
23.845464275098063,89654.73778008165,43173.82395175334,28.929736831502588,29.23849200667716,29.23849200667716,0
23.907353730422805,89654.2535345612,43173.69960548782,29.23849200667716,44.852764087895416,49.39735431760422,0
23.96818736668893,89653.76678159181,43173.58549477139,29.939295496462904,43.37816327655242,65.90490434872329,1
24.027629245648264,89653.27865200758,43173.47714299952,30.62406594207445,41.854192930859604,93.47539695397005,1
24.085770731909488,89652.78983268843,43173.37165392404,31.29385586380375,40.275244814705964,320.743635946218,1
24.142693610774785,89652.3010105143,43173.26613129674,31.94960742833195,38.63457435275179,92.47415896709641,1
24.198471438022448,89651.8128723651,43173.157678869415,32.59216799822504,36.9239500496624,64.64048645569581,1
24.253177135634434,89651.32614700889,43173.04323485645,33.214505842841646,35.133150311208254,38.66293581780314,1
24.306887225553012,89650.8436840455,43172.9121230917,33.81200640946274,33.24921768859174,33.24921768859174,1
24.360569514363252,89650.36784735178,43172.75871456679,33.24921768859174,32.09631700997778,32.09631700997778,0
24.415661266486886,89649.90026721392,43172.5817502022,32.09631700997778,30.978890756228473,30.978890756228473,0
24.472735989305775,89649.442846723,43172.37999345563,30.978890756228473,29.903182145214174,29.903182145214174,0
24.531866696071095,89648.99779090549,43172.1522763003,29.903182145214174,28.873203132586262,28.873203132586262,0
24.59311578416974,89648.56763304,43171.89755458916,28.873203132586262,27.892801415975388,27.892801415975388,0
24.656534022402806,89648.15525397165,43171.61497682023,27.892801415975388,26.96563606969253,26.96563606969253,0
24.72215747368941,89647.76389004418,43171.303966726526,26.96563606969253,26.09512954317644,26.09512954317644,0
24.790004214278596,89647.39712429792,43170.964318698185,26.09512954317644,25.2845112766752,25.2845112766752,0
24.860070877699275,89647.05885487508,43170.59630337946,25.2845112766752,24.53701970854971,24.53701970854971,0
24.932328793680774,89646.75323393701,43170.20077864255,24.53701970854971,23.85633612011539,23.85633612011539,0
25.00671917100335,89646.4845699955,43169.779298582085,23.85633612011539,23.24725629896656,23.24725629896656,0
25.083146462747273,89646.25718651304,43169.33420965179,23.24725629896656,22.716583248421333,22.716583248421333,0
25.161468901330508,89646.07523086025,43168.86871859932,22.716583248421333,22.274036970471915,22.274036970471915,0
25.24148557997341,89645.94243197177,43168.38691103688,22.274036970471915,21.932885041953117,21.932885041953117,0
25.32292079048158,89645.86181514639,43167.89369432706,21.932885041953117,21.709897155988322,21.709897155988322,0
25.405408657173307,89645.83540023303,43167.394638331316,21.709897155988322,21.624286266636524,21.624286266636524,0
25.488483950525218,89645.8639324043,43166.89569942199,21.624286266636524,21.69565987813616,21.69565987813616,0
25.57158654691278,89645.94671177273,43166.40284171279,21.69565987813616,21.9413045932721,21.9413045932721,0
25.654085410974666,89646.08158368479,43165.92160880078,21.9413045932721,22.373637820102143,22.373637820102143,0
25.73532211814262,89646.2651154624,43165.456730218546,22.373637820102143,22.998502544916775,22.998502544916775,0
25.814665961546037,89646.4929295373,43165.01184698184,22.998502544916775,23.81484309378863,23.81484309378863,0
25.891567109090243,89646.76011547155,43164.5894043252,23.81484309378863,24.815620348101334,24.815620348101334,0
25.96581681157691,89647.0616303422,43164.190706455134,24.67019966643505,25.989550373961965,25.989550373961965,1
26.037577022024678,89647.3926195367,43163.81608626047,25.49687729079332,27.32306066657686,27.32306066657686,1
26.107082527795953,89647.7486291538,43163.46512860977,26.297580717278393,28.802014579503105,28.802014579503105,1
26.17453337900747,89648.12571526413,43163.13689543043,27.074614523235088,30.412971276919453,30.412971276919453,1
26.24010168436998,89648.52047371383,43162.83012099273,27.829961401011186,32.143961248519155,32.143961248519155,1
26.303936787584234,89648.9300183588,43162.543364727106,28.56534179003942,33.984867263312246,33.984867263312246,1
26.366169272383473,89649.35193135664,43162.27512168279,29.282260014926656,35.92750642460597,35.92750642460597,1
26.426914104764776,89649.78420230803,43162.023897008876,29.98204048395927,37.965597845059406,37.965597845059406,1
26.48627312926884,89650.22516647352,43161.7882527052,30.665856446246085,37.26496651350717,40.0945657062271,1
26.54433707455235,89650.67344765119,43161.56683439748,31.334753095912095,35.49079198369809,42.31140680918864,1
26.601187181239847,89651.1279080097,43161.3583844383,31.989666324952076,33.62628485170893,44.61449033295311,1
26.65689653552584,89651.58760546666,43161.16174608008,32.6314380863267,31.65548187176591,47.003396473804465,1
26.71289548527093,89652.05175820463,43160.97586209578,31.65548187176591,29.557122092751115,49.47886556822822,0
26.771706902639924,89652.51971547944,43160.79977012295,29.557122092751115,27.301803733011827,52.04262096826907,0
26.835021500088207,89652.99093382884,43160.63259629039,27.301803733011827,24.846815643988958,54.51501040251836,0
26.904054967186813,89653.46496816346,43160.47360527986,24.846815643988958,22.125785902192906,36.479346670297396,0
26.980695389081703,89653.94349617751,43160.33340514083,22.125785902192906,19.02489431632712,19.02489431632712,0
27.068178754627137,89654.43529455992,43160.26239099375,19.02489431632712,21.83699427959175,21.83699427959175,0
27.16022640623177,89654.93678588555,43160.244518879896,20.085283262812503,30.33894205183816,30.33894205183816,1
27.24765233918988,89655.44278368326,43160.254999937075,21.092430010489927,34.62392052735468,85.7469881885163,1
27.331089853178497,89655.94810148199,43160.269045303154,22.053630171638776,32.71156486425612,45.746281536447306,1
27.411039606531787,89656.448803263,43160.27057491871,22.974651330268678,30.68368780326552,33.47502586647064,1
27.487905529867593,89656.94816542072,43160.29505970745,23.860146767097145,28.515648141559065,28.515648141559065,1
27.562019127864733,89657.44493945474,43160.351060305955,24.713935416024224,26.948542677820292,26.948542677820292,1
27.633656452711804,89657.93648455905,43160.44207478537,25.539197398262466,25.777119195966915,25.777119195966915,1
27.703809578246243,89658.41950078345,43160.570827443684,25.777119195966915,25.006000441605494,25.006000441605494,0
27.77469927595864,89658.8902918316,43160.738830689304,25.006000441605494,24.68824645008223,24.68824645008223,0
27.847142269366838,89659.34524272649,43160.94592032465,24.68824645008223,24.869651655770337,24.869651655770337,0
27.919784575388586,89659.78142491795,43161.19009229848,24.869651655770337,25.586582436656197,25.586582436656197,0
27.99113353879726,89660.19711054144,43161.467757564315,25.586582436656197,26.87090239174552,26.87090239174552,0
28.06040274428393,89660.5919950282,43161.774321050856,26.38456368386264,28.762732037626662,28.762732037626662,1
28.127637579338153,89660.9670843684,43162.10484407683,27.159108983687283,31.33189742783815,31.33189742783815,1
28.193007407412875,89661.32436205706,43162.45457224371,27.912169403108084,34.71305828465801,34.71305828465801,1
28.256659320454332,89661.66640026258,43162.81923979352,28.645439441345687,39.169451623581494,39.169451623581494,1
28.318722035443614,89661.99602981373,43163.195176179994,29.360401918022223,45.23477255304268,45.23477255304268,1
28.37930895592749,89662.31611056965,43163.57928522661,30.05836324199645,52.98987309413486,54.105207302800224,1
28.438520607353837,89662.62939590371,43163.96896271654,30.740481466427998,51.73502546092728,69.09646083533084,1
28.496446595983215,89662.93846641429,43164.36199492619,31.40778885543844,50.45111527286967,105.20675553340611,1
28.553167200568556,89663.24570770048,43164.756460040946,32.06121022026154,49.13586077520816,236.09938976856893,1
28.60875467759661,89663.55331274804,43165.15064133111,32.701577955624764,47.786670219279536,92.20923975960294,1
28.663282759108355,89663.86329614621,43165.54295359742,33.3194501127233,46.40057960959015,68.88993208231031,1
28.71682841551237,89664.17751218053,43165.931881599005,33.912894054224736,44.97417340356691,57.825840870153236,1
28.769462324803246,89664.49767202725,43166.315928165524,34.48407756544008,43.50348208759157,51.01471228183389,1
28.82127275571254,89664.82535736331,43166.69356971732,35,41.98384781477137,46.24257262665485,1
28.872701327141108,89665.16202848482,43167.06321743564,35,40.40974502112228,42.62414451258012,1
28.924129898569678,89665.50902564758,43167.42318298766,35,38.7745360889102,39.731014964120895,1
28.975558469998248,89665.86756239785,43167.771648492526,35,37.070130776338125,37.33046171368803,1
29.026987041426818,89666.23870973801,43168.1066413425,35,35.28649860170693,35.28649860170693,1
29.078415612855387,89666.62337003181,43168.42601550144,35,33.51616359299346,33.51616359299346,1
29.130957959233463,89667.02224000778,43168.72744217863,33.51616359299346,31.967925763403972,31.967925763403972,0
29.18593314534939,89667.43576292657,43169.00841384437,31.967925763403972,30.61003790798254,30.61003790798254,0
29.243461383546858,89667.86407163797,43169.26626666537,30.61003790798254,29.423689626211974,29.423689626211974,0
29.30342767496112,89668.30692660918,43169.4982266503,29.423689626211974,28.398614769435774,28.398614769435774,0
29.365687386635134,89668.76365607088,43169.70148369398,28.398614769435774,27.529951149353128,27.529951149353128,0
29.43005520906826,89669.23310868444,43169.873294551864,27.529951149353128,26.815741225904418,26.815741225904418,0
29.496297809772322,89669.71363123402,43170.011110186635,26.815741225904418,26.254775256674595,26.254775256674595,0
29.564132084593854,89670.20308320783,43170.11271561532,26.254775256674595,25.844675877196384,25.844675877196384,0
29.633230701213627,89670.6988954043,43170.17636339302,25.844675877196384,25.58025182106126,25.58025182106126,0
29.70323566108685,89671.19817095711,43170.20087828627,25.58025182106126,25.452215880809376,25.452215880809376,0
29.773778986975596,89671.69781667266,43170.18571321164,25.452215880809376,25.446361838882158,25.446361838882158,0
29.844507878848095,89672.1946841905,43170.130945529076,25.446361838882158,25.543267958552946,25.543267958552946,0
29.915110470282894,89672.68569773034,43170.0372155866,25.543267958552946,25.7184995616846,25.7184995616846,0
29.98533824771134,89673.16794912843,43169.90562120762,25.7184995616846,25.943230580505073,25.943230580505073,0
30.0550223250756,89673.6387493625,43169.737588555436,25.943230580505073,26.185186341297392,26.185186341297392,0
30.124082546209888,89674.09563505904,43169.53474021719,26.185186341297392,26.40982579038935,26.40982579038935,0
30.192530101483502,89674.53633534706,43169.29877695366,26.40982579038935,26.581731671607663,26.581731671607663,0
30.260465451422625,89674.9587074994,43169.03138328052,26.581731671607663,26.666225140036147,26.666225140036147,0
30.32807367933519,89675.36064951358,43168.73416148826,26.666225140036147,26.631250408902464,26.631250408902464,0
30.395619092376272,89675.7399954813,43168.4085953677,26.631250408902464,26.449565191609263,26.449565191609263,0
30.463440205508626,89676.09439674158,43168.0560442371,26.449565191609263,26.1012314085948,26.1012314085948,0
30.531945351632064,89676.42118968055,43167.6777697913,26.1012314085948,25.57633739492597,25.57633739492597,0
30.60160807151905,89676.71725093813,43167.27500264092,25.57633739492597,24.87781882303417,24.87781882303417,0
30.67295997332171,89676.97884468018,43166.84906196727,24.87781882303417,24.024194120154142,24.024194120154142,0
30.746576574834254,89677.20147803586,43166.40154955338,24.024194120154142,23.052076131441407,23.052076131441407,0
30.823048223517553,89677.37980595982,43165.93464490819,23.052076131441407,22.04066112052954,22.04066112052954,0
30.90288369635398,89677.50777737125,43165.45154598023,22.04066112052954,22.03971121243219,38.849905914067314,0
30.984552697985986,89677.61882794264,43164.96622962131,22.03971121243219,18.924886252723745,18.924886252723745,0
31.072433459003157,89677.7980677399,43164.501505883054,18.924886252723745,21.906488918167454,21.906488918167454,0
31.16494166396792,89678.0293410553,43164.05255000325,19.990580773917802,28.465191889865107,28.465191889865107,1
31.25276185664285,89678.29264021476,43163.613551264345,21.002269393532977,29.450267822203667,46.740835250462354,1
31.336541853047787,89678.56795754413,43163.17869894879,21.96741495211788,27.18627700420742,59.47625536337705,1
31.416792735023183,89678.83528536937,43162.74218233906,22.891905112474415,24.720027564127992,30.80227466965958,1
31.49392613723336,89679.07461601637,43162.2981907176,23.780481905935638,21.98354486349315,22.90135484220562,1
31.572590543627005,89679.26594181098,43161.84091336688,21.98354486349315,18.859553483604707,18.859553483604707,0
31.66073273032905,89679.38925507914,43161.36453956935,18.859553483604707,18.337750437734275,18.337750437734275,0
31.757513938118006,89679.4398474041,43160.86791780293,18.337750437734275,43.465150932421025,43.465150932421025,0
31.852819059889388,89679.47696465866,43160.369410830295,19.435665440540586,46.21602828598692,47.07449501196702,1
31.94302098356633,89679.50250920578,43159.87004286335,20.474791601298993,44.78405793814906,46.37801625120757,1
32.02886104397951,89679.51610424419,43159.37023378617,21.463669097258833,43.307234606988445,44.14154983546442,1
32.11091677670473,89679.51650134021,43158.87024408758,22.4089511382533,41.78079810502458,42.1710961719605,1
32.18964851022254,89679.50243852388,43158.37045397347,23.315940708378548,40.19909273876786,40.31379381575574,1
32.26543018821016,89679.47256678711,43157.87136203321,24.188945638795918,38.55531245771648,38.55531245771648,1
32.33857049297321,89679.42544619873,43157.37360590849,25.031521949666264,36.90323047228203,36.90323047228203,1
32.409327758224094,89679.35956320551,43156.87798838826,25.846645645356457,35.36503459998311,35.36503459998311,1
32.47792076713168,89679.27335833285,43156.38550374372,26.636837107971807,33.94978183025116,33.94978183025116,1
32.54453674364732,89679.16526846838,43155.89736093156,27.404253157432038,32.66808287835474,32.66808287835474,1
32.609337380397555,89679.03378626697,43155.414998957676,28.150756492794716,31.53183981227953,31.53183981227953,1
32.67246346241268,89678.87753735049,43154.94008805939,28.87796895760891,30.55385222350836,30.55385222350836,1
32.73403846690904,89678.6953727402,43154.474509336585,29.587313009406987,29.747205813474746,29.747205813474746,1
32.79471141195721,89678.48646916453,43154.02030605859,29.747205813474746,29.124427656873703,29.124427656873703,0
32.85586140538848,89678.25042443776,43153.57960318846,29.124427656873703,28.696513915880725,28.696513915880725,0
32.918122584505916,89677.9873310913,43153.15449803178,28.696513915880725,28.47210654836523,28.47210654836523,0
32.981094193244516,89677.69781158242,43152.74693295034,28.47210654836523,28.456784303327712,28.456784303327712,0
33.04433097769863,89677.38300353379,43152.35856812426,28.456784303327712,28.652235208394377,28.652235208394377,0
33.107368305791105,89677.04449298869,43151.99067609572,28.652235208394377,29.056980449014073,29.056980449014073,0
33.16975002349407,89676.68420735153,43151.64407468931,29.056980449014073,29.666445769555633,29.666445769555633,0
33.23105434839161,89676.3042861996,43151.31910726053,29.666445769555633,30.473949882941792,30.473949882941792,0
33.29103054056924,89675.90695171185,43151.01566781773,30.357371503441883,31.472312477711274,31.472312477711274,1
33.349671736504156,89675.4943962776,43150.733258962384,31.032918080612166,32.654618745509005,32.654618745509005,1
33.407063302275716,89675.06869737098,43150.47106913377,31.694068918300555,34.016068317494856,34.016068317494856,1
33.463281876260716,89674.63176200549,43150.228053850224,32.34170689060776,35.55494955531006,35.55494955531006,1
33.51839842229949,89674.1852979247,43150.00301147128,32.97443243110168,37.27409973504196,37.27409973504196,1
33.57248838508693,89673.7308056907,43149.794647233204,33.581353790217904,39.182267736410104,39.182267736410104,1
33.62562790710616,89673.26958490658,43149.60162334824,34.16483328872107,41.296005758270205,41.296005758270205,1
33.6778838117746,89672.80274947775,43149.42259569553,34.72690292447285,43.64213460133807,43.64213460133807,1
33.72951381180342,89672.33124721578,43149.256238689304,35,46.2613736267326,46.2613736267326,1
33.780942383231995,89671.85588082648,43149.101260646356,35,49.21446622113159,49.21446622113159,1
33.83237095466057,89671.37732866498,43148.9564117869,35,52.59190594122811,52.59190594122811,1
33.88379952608914,89670.89616406614,43148.82048679369,35,56.53100029536595,56.53100029536595,1
33.935228097517715,89670.41287279243,43148.69232348485,35,59.96108857478871,61.24775815689251,1
33.98665666894629,89669.92786856796,43148.57079873042,35,58.84406800001998,67.10094885253028,1
34.03808524037486,89669.44150685052,43148.4548224147,35,57.70731864328915,74.73438071388743,1
34.089513811803435,89668.95409701238,43148.34333005006,35,56.54964759649378,85.44481288330299,1
34.14094238323201,89668.46591326207,43148.23527438553,35,55.36973935139244,102.36887303987862,1
34.19237095466058,89667.97720465854,43148.12961619725,35,54.16613744239322,136.15758192182605,1
34.243799526089155,89667.48820458062,43148.02531434962,35,52.93722239979737,288.29973976076593,1
34.29522809751773,89666.99914000368,43147.92131513886,35,51.68118506493492,180.1371794065429,1
34.3466566689463,89666.51024101637,43147.816540827465,35,50.39599401626576,115.34830223644408,1
34.398085240374876,89666.02175104339,43147.70987727822,35,49.07935543619174,90.68614871938574,1
34.44951381180345,89665.53393828109,43147.60016060831,35,47.72866315794971,76.51679656363818,1
34.50094238323202,89665.04710903835,43147.48616266862,35,46.34093578688317,66.88726697134946,1
34.552370954660596,89664.5616237311,43147.3665753902,35,44.91273655844123,59.69844618497537,1
34.60379952608917,89664.07791645604,43147.23999413099,35,43.44006976255918,53.997493687842315,1
34.65522809751774,89663.59651949377,43147.104900183294,35,41.918244775358346,49.284765500790314,1
34.706656668946316,89663.11809383667,43146.959643628594,35,40.34169438654708,45.271321325452206,1
34.75808524037489,89662.64346774145,43146.80242768633,35,38.70372711952554,41.78057301469242,1
34.80951381180346,89662.17368445892,43146.63129781956,35,36.99618163666845,38.70041592272677,1
34.860942383232036,89661.71006052312,43146.444140018175,35,35.20893131800893,35.959446710661645,1
34.91237095466061,89661.25425431058,43146.23869575096,35,33.32915106078714,33.51395140292608,1
34.96505710609248,89660.80834125257,43146.01260447925,33.32915106078714,31.34018992919343,31.34018992919343,0
35.02072490701468,89660.37488651417,43145.76348788871,31.34018992919343,29.429849405078222,29.429849405078222,0
35.07996462512968,89659.95699613013,43145.489091572825,29.429849405078222,27.786816812854216,27.786816812854216,0
35.14288335559692,89659.55831487197,43145.18749518445,27.786816812854216,26.424321746747438,26.424321746747438,0
35.20929037259846,89659.1829279023,43144.85738557062,26.424321746747438,25.36179079559224,25.36179079559224,0
35.27880707936143,89658.83512442603,43144.498355451105,25.36179079559224,24.620912133936464,24.620912133936464,0
35.35083199576252,89658.51901054298,43144.11114914026,24.620912133936464,24.221504106933494,24.221504106933494,0
35.42453842302538,89658.23802056018,43143.697753822395,24.221504106933494,24.177756882537334,24.177756882537334,0
35.49891972402878,89657.99444666531,43143.26126085967,24.177756882537334,24.496302083458396,24.496302083458396,0
35.57288109229098,89657.78913401453,43142.80550585306,24.496302083458396,25.177725034080794,25.177725034080794,0
35.64535357356337,89657.62143288497,43142.334592162755,25.177725034080794,26.22107543693402,26.22107543693402,0
35.715712812300865,89657.48939451888,43141.8524413314,25.98826346433672,27.6324442634814,27.6324442634814,1
35.78394303887374,89657.3901086855,43141.36247587072,26.774275674456234,29.436260619556027,29.436260619556027,1
35.85022656518907,89657.32006460354,43140.867464573166,27.537861897608874,31.69210774451315,31.69210774451315,1
35.91472107977104,89657.27545133779,43140.369500824076,28.2808387055932,34.52191446173335,34.52191446173335,1
35.97756406651689,89657.25236535406,43139.87006283521,29.004789912905398,38.16339434603348,38.16339434603348,1
36.03887625336684,89657.2469290617,43139.370110828,29.711106305416813,43.09441469001908,43.09441469001908,1
36.09876433914449,89657.25534078943,43138.87019222657,30.401017053575345,50.38496934310298,50.38496934310298,1
36.15732317506179,89657.27387970986,43138.37054112187,31.075614843342667,52.97607065195952,63.03029060913215,1
36.21463752854176,89657.29888632768,43137.87116844633,31.735876195431867,51.720911382471115,95.05715114427247,1
36.270783523132415,89657.32673537543,43137.37194470517,32.38267805311628,50.436665697870176,182.74190574825772,1
36.32583245310671,89657.35381540678,43136.872679061285,33.01368844630166,49.12104868863352,76.69397296058436,1
36.37985994426172,89657.3765282392,43136.37319795804,33.619055792585314,47.771464835900716,56.9666131430083,1
36.43294149401582,89657.39132135744,43135.873423545956,34.201119328086016,46.384945595180774,47.596079973856654,1
36.485143390587766,89657.39476361022,43135.373447279846,34.76189229427225,44.95806987641227,44.95806987641227,1
36.53674749537343,89657.38547980289,43134.87346927885,35,50.91993238310028,53.191740323842204,1
36.588176066802006,89657.3670974589,43134.37353346155,35,49.61631984088975,52.717024448473495,1
36.63960463823058,89657.33945420856,43133.87393016828,35,48.279749981118606,51.59722177361833,1
36.69103320965915,89657.30215732442,43133.37496376207,35,46.907401878584636,50.51914736067331,1
36.74246178108773,89657.25481407897,43132.87693860589,35,45.49603410690118,49.482861610270554,1
36.7938903525163,89657.19703174478,43132.38015906274,35,44.04189154447778,47.060765982807844,1
36.84531892394487,89657.12774493257,43131.8849886458,35,42.54058383309896,42.54058383309896,1
36.89674749537345,89657.04441444403,43131.39199441506,35,41.610089923943065,41.610089923943065,1
36.94817606680202,89656.94647670627,43130.90169483987,35,40.781293233473164,40.781293233473164,1
36.99960463823059,89656.83342400384,43130.41465984169,35,39.956423467560896,39.956423467560896,1
37.05103320965917,89656.70474113668,43129.931521005194,35,39.13343470300541,39.13343470300541,1
37.10246178108774,89656.55990635666,43129.45297785332,35,38.31634560414677,38.31634560414677,1
37.153890352516314,89656.39839797509,43128.97980371575,35,37.50999119426625,37.50999119426625,1
37.20531892394489,89656.21970325633,43128.51285106662,35,36.7196678236755,36.7196678236755,1
37.25674749537346,89656.02332959537,43128.053055869634,35,35.951097389133025,35.951097389133025,1
37.308176066802034,89655.80881817115,43127.60144035304,35,35.21042833445085,35.21042833445085,1
37.35960463823061,89655.57576023226,43127.159113535075,35,34.504166941781,34.504166941781,1
37.41140009393351,89655.3238158034,43126.72726845655,34.504166941781,33.83914261840729,33.83914261840729,0
37.46407533051727,89655.05273457528,43126.3071753911,33.83914261840729,33.22239021957521,33.22239021957521,0
37.517757372183354,89654.76237817376,43125.900170011235,33.22239021957521,32.66103672863283,32.66103672863283,0
37.57239933855875,89654.45274268342,43125.50763578206,32.66103672863283,32.16210764566155,32.16210764566155,0
37.627935058628324,89654.12397980237,43125.13098021837,32.16210764566155,31.732419424529812,31.732419424529812,0
37.684277912470016,89653.77641482414,43124.77160513293,31.732419424529812,31.378224115800133,31.378224115800133,0
37.74132058860276,89653.41055904911,43124.43087179526,31.378224115800133,31.10510321349958,31.10510321349958,0
37.79893595823612,89653.02711483107,43124.11006273225,31.10510321349958,30.917701702307998,30.917701702307998,0
37.856979124856636,89652.62697157032,43123.81034264924,30.917701702307998,30.819493189428645,30.819493189428645,0
37.91529081210309,89652.21119185169,43123.53272158768,30.819493189428645,30.81264902982111,30.81264902982111,0
37.97370189226956,89651.78098810912,43123.27802351281,30.81264902982111,30.897939625172285,30.897939625172285,0
38.032038720332025,89651.33769129791,43123.046863160205,30.897939625172285,31.074696236661904,31.074696236661904,0
38.09012887496134,89650.88271404193,43122.83963313897,31.074696236661904,31.34085476448225,31.34085476448225,0
38.147806808461176,89650.41751134481,43122.65650209373,31.34085476448225,31.693066708398742,31.693066708398742,0
38.20491891438574,89649.94354205781,43122.497423452456,31.693066708398742,32.126863274010766,32.126863274010766,0
38.26132762559856,89649.4622339095,43122.362153181435,32.126863274010766,32.63685412653445,32.63685412653445,0
38.31691430506193,89648.97495415894,43122.25027422517,32.63685412653445,33.216941318731614,33.216941318731614,0
38.37158085807772,89648.48298702789,43122.16122500437,33.216941318731614,33.86053000863732,33.86053000863732,0
38.42528712082482,89647.9875181893,43122.09432944595,33.81434732171088,34.56072099205633,34.56072099205633,1
38.47807033838611,89647.48962588204,43122.04882641482,34.38914928816438,35.310475853605055,35.310475853605055,1
38.52999410258366,89646.99027774762,43122.0238969659,34.94326633377835,36.10274928477007,36.10274928477007,1
38.58146438969922,89646.49033224692,43122.018688411335,35,36.93058832451351,36.93058832451351,1
38.632892961127794,89645.99054347187,43122.03233471194,35,37.78719938127468,37.78719938127468,1
38.68432153255637,89645.49156825834,43122.06397310702,35,38.66598901286172,38.66598901286172,1
38.73575010398494,89644.99397467164,43122.112757178504,35,39.56058085781312,39.56058085781312,1
38.787178675413514,89644.49825113146,43122.177866718,35,40.46481725549036,40.46481725549036,1
38.83860724684209,89644.00481563188,43122.25851484602,35,41.37274693430991,41.37274693430991,1
38.89003581827066,89643.51402467923,43122.353952852936,35,42.27860655241857,42.27860655241857,1
38.941464389699235,89643.02618170805,43122.463473206626,35,43.1767978191479,43.1767978191479,1
38.99289296112781,89642.54154483862,43122.586411126904,35,44.06186720892811,44.06186720892811,1
39.04432153255638,89642.06033391962,43122.722145067724,35,44.928488850876676,44.928488850876676,1
39.095750103984955,89641.58273684877,43122.87009639111,35,45.77145246511919,45.77145246511919,1
39.14717867541353,89641.10891519918,43123.02972846283,35,46.58566454196832,46.58566454196832,1
39.1986072468421,89640.63900920117,43123.200545348096,35,47.366162258732096,47.366162258732096,1
39.250035818270675,89640.1731421378,43123.38209024363,35,48.10814502411694,48.10814502411694,1
39.30146438969925,89639.71142421519,43123.573943746116,35,48.80702670676972,48.80702670676972,1
39.35289296112782,89639.2539559664,43123.77572202659,35,49.45851075308,49.45851075308,1
39.404321532556395,89638.80083124181,43123.98707495558,35,50.05869413625861,50.05869413625861,1
39.45575010398497,89638.3521398294,43124.20768420207,35,50.604198144196076,50.604198144196076,1
39.50717867541354,89637.90796973962,43124.43726131203,35,51.09232915988158,51.09232915988158,1
39.558607246842115,89637.46840917596,43124.6755457573,35,51.521270750488064,51.521270750488064,1
39.61003581827069,89637.03354819983,43124.92230293111,35,51.89029935900041,51.89029935900041,1
39.66146438969926,89636.60348008391,43125.177322055926,35,52.20002271031933,52.20002271031933,1
39.712892961127835,89636.1783023311,43125.440413958895,35,52.45262622492643,52.45262622492643,1
39.76432153255641,89635.75811732063,43125.711408663694,35,52.652116897529766,52.652116897529766,1
39.81575010398498,89635.34303252581,43125.99015274385,35,52.80454708289945,52.80454708289945,1
39.867178675413555,89634.933160233,43126.27650638438,35,52.9181974814588,52.9181974814588,1
39.91860724684213,89634.52861668076,43126.57034010772,35,53.00369861721997,53.00369861721997,1
39.9700358182707,89634.12952053404,43126.871531138924,35,52.79572215223128,53.074071222433446,1
40.021464389699275,89633.73599061664,43127.17995941575,35,51.53647484077094,53.14466670930662,1
40.07289296112785,89633.34814284921,43127.495503293205,35,50.24782690730039,53.23299776859853,1
40.12432153255642,89632.96608638554,43127.8180350486,35,48.92745172632571,53.35845626659975,1
40.175750103984996,89632.58991900767,43128.14741635784,35,47.57270388944452,53.54192185733492,1
40.22717867541357,89632.21972193137,43128.48349397983,35,46.1805546091892,53.805283625830434,1
40.27860724684214,89631.85555427667,43128.826095939345,35,44.74750926404182,54.17089623741748,1
40.330035818270716,89631.49744756256,43129.17502852693,35,43.26950065378132,54.66100628588978,1
40.38146438969929,89631.14540066643,43129.53007442172,35,41.74174860464065,55.29718394743918,1
40.43289296112786,89630.79937572588,43129.89099218113,35,40.158571977034335,56.09979621189544,1
40.484321532556436,89630.45929543288,43130.2575172304,35,38.5131317351975,57.087611620099395,1
40.53575010398501,89630.12504205204,43130.62936433258,35,36.79707141667323,57.087611620099395,1
